Date,District,Village,pH,Turbidity,Dissolved_Oxygen,Temperature,BOD,Coliform_Bacteria,Rainfall,Cholera_Cases,Typhoid_Cases,Diarrhea_Cases,Hepatitis_Cases
2023-04-13,Barpeta,Barpeta_Village_E,7.27,2.0,6.3,40.71,0.21,30.74,0.81,2,2,4,1
2024-04-20,Sonitpur,Sonitpur_Village_D,8.28,3.31,7.62,27.42,0.37,3.36,5.95,6,3,14,2
2024-12-03,Lakhimpur,Lakhimpur_Village_B,5.91,1.61,7.67,26.62,0.79,42.25,1.47,9,1,11,0
2024-05-13,Dhemaji,Dhemaji_Village_C,6.94,24.11,8.16,31.21,3.79,74.6,1.5,11,3,15,2
2024-10-16,Barpeta,Barpeta_Village_E,6.89,2.2,8.0,30.79,4.1,81.4,0.41,6,3,9,3
2023-04-23,Morigaon,Morigaon_Village_A,6.97,3.23,7.42,28.79,2.01,57.08,1.51,3,3,12,0
2024-05-03,Dhemaji,Dhemaji_Village_B,6.94,20.35,7.71,22.78,2.38,32.44,2.88,8,13,9,2
2024-08-02,Dhemaji,Dhemaji_Village_E,6.47,17.72,6.54,35.52,1.56,88.87,15.17,14,11,15,5
2024-09-17,Nagaon,Nagaon_Village_B,6.27,11.46,7.95,38.89,0.7,68.04,4.44,2,4,22,3
2024-11-28,Nagaon,Nagaon_Village_B,6.79,3.66,5.51,27.13,3.52,15.84,6.72,4,1,7,0
2023-05-07,Sivasagar,Sivasagar_Village_D,6.1,9.65,7.82,21.94,2.51,134.92,4.93,9,5,19,2
2024-06-05,Nagaon,Nagaon_Village_E,6.54,8.76,7.5,33.78,1.55,143.99,14.35,15,7,16,3
2024-12-29,Morigaon,Morigaon_Village_E,6.59,2.05,8.25,28.05,9.31,26.6,0.93,7,5,3,4
2023-04-09,Sivasagar,Sivasagar_Village_D,7.58,4.04,8.12,33.14,0.19,34.1,0.12,5,3,12,2
2023-06-14,Nagaon,Nagaon_Village_C,7.23,21.27,7.79,29.06,1.79,53.89,18.47,9,7,17,4
2023-08-01,Morigaon,Morigaon_Village_D,6.94,15.64,8.95,34.8,1.21,123.46,13.17,9,10,27,4
2023-04-29,Jorhat,Jorhat_Village_A,6.95,5.83,6.88,37.18,3.53,42.09,0.13,1,0,10,1
2024-03-21,Dhemaji,Dhemaji_Village_A,5.26,2.38,6.98,29.46,3.39,172.06,0.19,16,16,25,4
2023-03-10,Lakhimpur,Lakhimpur_Village_E,6.43,2.01,5.68,29.57,1.54,30.82,1.76,6,5,7,0
2023-02-16,Sivasagar,Sivasagar_Village_C,7.43,1.99,6.76,27.9,0.47,23.14,1.33,4,4,6,1
2024-04-18,Sivasagar,Sivasagar_Village_A,6.83,0.95,8.84,23.46,1.31,43.88,2.67,4,3,3,1
2023-12-16,Jorhat,Jorhat_Village_A,7.02,1.79,7.77,24.75,0.24,25.36,6.98,3,4,5,0
2023-03-31,Nagaon,Nagaon_Village_E,7.38,2.73,8.38,16.58,0.92,30.28,1.59,3,1,7,2
2024-06-30,Dhemaji,Dhemaji_Village_D,6.64,19.81,7.01,27.84,0.36,210.64,16.41,13,15,31,5
2023-08-13,Golaghat,Golaghat_Village_B,7.15,17.21,6.02,35.72,0.3,197.5,14.52,12,9,29,4
2023-02-16,Barpeta,Barpeta_Village_D,7.67,7.39,8.22,32.84,3.51,159.8,0.84,7,7,17,1
2023-10-24,Nagaon,Nagaon_Village_C,6.51,2.55,7.56,30.47,1.79,25.46,0.11,2,4,7,2
2023-03-04,Nagaon,Nagaon_Village_B,6.87,1.56,10.07,25.3,0.14,69.31,0.47,3,2,10,1
2024-01-15,Dhemaji,Dhemaji_Village_D,7.61,0.92,6.73,21.88,1.41,45.2,0.83,10,2,12,2
2023-08-14,Morigaon,Morigaon_Village_D,6.52,16.58,7.48,31.67,0.4,82.89,10.78,13,5,14,4
2024-02-05,Dibrugarh,Dibrugarh_Village_E,7.19,0.83,7.15,25.99,1.85,14.08,0.99,2,2,4,0
2023-09-01,Dhemaji,Dhemaji_Village_C,5.86,21.02,7.47,38.85,2.33,71.33,4.24,14,9,22,7
2024-05-03,Dibrugarh,Dibrugarh_Village_B,6.07,19.7,7.86,27.06,0.43,15.31,8.22,10,11,15,1
2023-01-29,Dhemaji,Dhemaji_Village_E,6.99,2.06,5.89,27.84,1.02,4.81,0.82,2,1,5,0
2023-12-10,Barpeta,Barpeta_Village_D,7.28,1.26,8.33,26.04,9.05,68.0,0.13,4,1,9,3
2023-04-30,Sivasagar,Sivasagar_Village_A,5.88,1.75,7.32,21.19,0.09,95.59,0.07,5,4,15,5
2023-12-02,Jorhat,Jorhat_Village_D,7.41,3.5,8.57,30.85,1.93,69.86,0.35,4,6,9,2
2024-11-30,Jorhat,Jorhat_Village_E,6.85,3.03,7.75,32.89,6.59,20.92,2.0,4,2,8,1
2023-02-02,Nagaon,Nagaon_Village_C,6.94,1.47,7.59,30.83,3.5,17.72,3.66,2,2,10,2
2024-05-06,Jorhat,Jorhat_Village_D,6.83,19.07,8.07,32.24,2.86,123.01,2.11,6,6,22,1
2023-10-01,Lakhimpur,Lakhimpur_Village_C,7.39,3.36,6.53,24.76,0.55,215.86,0.31,7,3,13,3
2023-11-01,Jorhat,Jorhat_Village_C,7.85,5.43,5.97,29.31,5.47,147.2,1.96,10,10,14,4
2023-02-04,Nagaon,Nagaon_Village_A,6.83,3.24,7.41,27.51,3.74,49.55,2.66,5,6,10,1
2024-07-06,Nagaon,Nagaon_Village_D,7.51,14.88,6.81,31.38,2.11,46.77,7.64,5,6,14,2
2023-10-11,Sivasagar,Sivasagar_Village_C,7.42,5.01,8.71,24.55,3.28,44.02,4.05,2,3,6,2
2023-08-05,Lakhimpur,Lakhimpur_Village_E,6.63,17.41,9.59,29.3,0.3,3.8,5.52,6,9,13,1
2023-02-22,Morigaon,Morigaon_Village_A,7.15,1.86,7.44,26.64,4.09,76.25,1.67,9,2,8,0
2024-09-13,Dibrugarh,Dibrugarh_Village_B,5.58,19.88,5.0,41.45,0.05,52.18,7.18,10,8,21,3
2023-06-05,Sonitpur,Sonitpur_Village_B,7.46,13.09,6.52,28.88,0.4,142.87,3.0,9,12,22,3
2024-11-06,Dibrugarh,Dibrugarh_Village_A,6.43,2.4,8.0,23.2,1.28,38.32,0.39,3,2,7,2
2023-04-12,Dibrugarh,Dibrugarh_Village_E,6.45,1.9,6.91,29.01,1.46,3.5,3.22,5,6,6,0
2024-09-24,Golaghat,Golaghat_Village_D,7.36,18.41,6.41,28.42,9.78,327.16,11.65,21,14,36,5
2024-07-31,Sivasagar,Sivasagar_Village_E,6.09,14.54,6.95,34.07,5.71,258.28,2.65,18,12,29,6
2024-06-09,Sivasagar,Sivasagar_Village_E,7.06,16.51,5.53,28.91,1.86,18.74,34.28,9,7,13,2
2024-01-17,Lakhimpur,Lakhimpur_Village_E,6.25,4.23,6.27,23.7,0.16,76.32,0.62,6,7,13,1
2024-10-06,Golaghat,Golaghat_Village_B,6.88,1.61,7.89,31.84,2.28,10.52,1.93,3,0,2,1
2023-07-02,Morigaon,Morigaon_Village_B,7.07,18.62,8.51,31.61,1.0,391.08,2.14,10,7,44,9
2024-03-24,Golaghat,Golaghat_Village_E,7.4,5.02,7.38,25.47,0.07,35.52,0.98,9,2,7,0
2023-08-05,Dibrugarh,Dibrugarh_Village_B,6.31,14.37,7.46,24.92,5.06,91.95,14.38,4,8,16,3
2024-09-29,Jorhat,Jorhat_Village_D,6.63,18.56,7.79,21.41,2.6,14.28,17.34,5,5,14,1
2023-07-05,Jorhat,Jorhat_Village_A,6.97,12.39,7.75,29.01,2.14,46.55,20.34,9,8,14,1
2024-04-13,Nagaon,Nagaon_Village_E,6.79,1.51,8.48,28.72,1.43,64.26,0.22,2,3,10,1
2024-09-19,Dhemaji,Dhemaji_Village_C,7.01,19.86,6.62,27.3,2.03,85.69,2.94,15,8,20,0
2023-07-01,Sivasagar,Sivasagar_Village_D,6.88,8.92,7.4,28.98,0.61,35.46,35.51,6,1,20,2
2024-09-30,Lakhimpur,Lakhimpur_Village_C,6.73,22.57,7.39,26.98,0.6,164.05,59.69,12,8,32,2
2024-05-04,Sivasagar,Sivasagar_Village_A,6.19,20.71,7.2,30.76,2.46,98.03,1.28,10,9,25,2
2024-01-26,Morigaon,Morigaon_Village_D,7.79,3.12,7.86,20.81,0.35,14.75,5.86,5,4,5,2
2023-03-13,Golaghat,Golaghat_Village_A,7.38,2.47,6.28,25.59,2.38,78.81,0.76,6,5,12,0
2023-04-12,Dibrugarh,Dibrugarh_Village_C,7.59,9.92,8.08,31.63,0.17,65.74,0.42,11,4,9,4
2024-09-11,Sonitpur,Sonitpur_Village_A,6.89,11.71,7.04,31.01,0.38,242.01,3.87,15,7,26,5
2024-07-11,Nagaon,Nagaon_Village_D,6.22,13.53,7.4,37.06,0.04,68.4,0.41,15,2,17,1
2023-11-30,Sivasagar,Sivasagar_Village_D,6.82,4.04,8.06,36.26,3.64,16.79,1.12,4,3,4,1
2024-03-13,Sivasagar,Sivasagar_Village_C,6.93,4.38,9.11,31.57,1.79,60.64,0.54,3,6,5,2
2024-02-28,Sonitpur,Sonitpur_Village_E,8.24,1.91,8.66,25.61,0.1,89.58,3.71,5,7,19,3
2023-01-19,Jorhat,Jorhat_Village_E,7.39,5.85,8.42,22.29,6.2,86.07,0.0,3,4,10,2
2024-01-13,Sonitpur,Sonitpur_Village_A,7.08,3.39,6.41,32.05,1.8,0.51,2.02,4,1,2,0
2024-02-23,Dhemaji,Dhemaji_Village_E,7.4,2.46,6.93,28.09,1.26,84.84,0.14,6,5,16,1
2024-01-15,Dhemaji,Dhemaji_Village_B,6.87,1.48,6.54,22.85,0.05,51.9,2.03,1,3,7,2
2023-06-04,Nagaon,Nagaon_Village_C,6.15,7.62,7.24,37.99,0.68,287.93,1.85,23,16,27,5
2024-01-14,Golaghat,Golaghat_Village_C,7.53,2.15,6.64,27.78,1.42,56.57,0.54,6,4,13,1
2024-05-31,Dhemaji,Dhemaji_Village_E,5.94,22.53,7.75,32.34,1.52,255.0,2.1,20,16,25,7
2024-02-03,Sivasagar,Sivasagar_Village_C,7.53,3.04,7.45,26.43,3.51,72.31,1.7,7,5,11,2
2023-05-06,Morigaon,Morigaon_Village_D,6.39,12.34,6.96,34.28,0.03,167.36,26.95,15,11,23,5
2024-10-18,Golaghat,Golaghat_Village_B,7.33,4.34,5.89,21.19,0.53,16.5,3.25,5,5,7,3
2024-12-03,Barpeta,Barpeta_Village_E,7.11,3.37,6.38,23.38,4.27,86.8,2.56,3,8,13,4
2024-12-25,Morigaon,Morigaon_Village_C,7.1,2.81,6.44,30.29,0.22,76.12,2.07,3,3,10,2
2024-12-28,Jorhat,Jorhat_Village_D,6.57,4.77,6.31,33.21,2.5,11.11,4.42,2,2,4,0
2023-05-18,Sonitpur,Sonitpur_Village_A,6.27,23.53,8.41,25.26,4.2,5.32,7.6,7,5,18,4
2023-08-16,Sonitpur,Sonitpur_Village_A,7.33,17.07,6.57,26.67,0.33,287.14,18.58,22,12,33,7
2023-03-31,Golaghat,Golaghat_Village_B,6.43,1.7,7.52,26.89,4.74,8.95,2.06,5,5,12,3
2024-12-21,Lakhimpur,Lakhimpur_Village_C,7.81,1.57,7.79,20.91,1.38,26.1,6.12,5,0,12,5
2024-02-25,Dibrugarh,Dibrugarh_Village_D,7.31,2.45,8.13,18.65,0.5,19.41,3.77,2,0,7,1
2024-02-08,Morigaon,Morigaon_Village_C,6.96,1.94,8.28,17.8,9.77,24.41,1.71,5,2,4,1
2024-10-22,Sonitpur,Sonitpur_Village_D,6.6,4.39,8.28,23.55,5.85,111.54,1.09,6,3,20,3
2024-06-19,Jorhat,Jorhat_Village_B,6.73,17.18,7.33,33.33,1.58,94.92,13.39,5,6,17,4
2023-07-04,Nagaon,Nagaon_Village_D,7.43,16.07,7.59,25.96,2.47,22.89,22.76,7,8,21,4
2023-05-21,Nagaon,Nagaon_Village_D,7.23,17.78,7.49,33.34,0.96,22.25,23.14,4,8,15,3
2024-12-16,Dibrugarh,Dibrugarh_Village_A,6.76,1.77,8.19,23.04,2.23,79.65,0.58,4,2,8,1
2023-01-19,Nagaon,Nagaon_Village_E,7.08,2.66,8.2,29.28,0.25,75.93,3.08,5,4,9,2
2024-03-14,Golaghat,Golaghat_Village_C,6.73,2.37,9.17,31.7,2.09,15.56,0.03,5,4,9,1
2023-06-13,Sonitpur,Sonitpur_Village_A,7.06,16.0,6.67,33.49,2.19,86.15,20.37,12,5,15,2
2023-11-10,Dhemaji,Dhemaji_Village_C,6.14,5.14,8.27,23.33,0.97,34.01,0.67,8,5,14,4
2024-09-10,Morigaon,Morigaon_Village_D,6.7,17.48,6.21,32.14,1.78,65.45,9.51,4,11,23,3
2023-06-02,Golaghat,Golaghat_Village_E,6.13,13.96,7.27,25.74,1.61,87.43,3.23,12,1,21,2
2024-12-21,Dibrugarh,Dibrugarh_Village_C,6.65,1.45,7.28,23.46,1.46,46.79,0.56,2,4,10,1
2023-10-22,Jorhat,Jorhat_Village_B,6.49,2.76,8.25,30.54,2.97,151.25,3.0,14,6,15,0
2024-01-19,Lakhimpur,Lakhimpur_Village_D,7.29,1.87,7.65,30.9,8.0,29.94,1.44,3,1,8,2
2024-11-01,Lakhimpur,Lakhimpur_Village_E,6.17,6.75,8.71,38.75,0.86,56.58,2.84,4,5,15,3
2024-09-07,Sivasagar,Sivasagar_Village_E,6.51,19.96,6.13,30.16,0.16,148.91,7.24,14,10,24,3
2023-12-06,Dhemaji,Dhemaji_Village_D,6.91,1.29,6.94,17.18,4.39,86.96,1.99,6,4,9,3
2024-05-22,Morigaon,Morigaon_Village_C,6.82,13.1,7.54,24.46,0.01,348.41,8.04,14,14,23,7
2024-07-15,Barpeta,Barpeta_Village_A,7.05,15.2,8.44,28.23,0.23,323.86,14.98,7,23,30,3
2024-12-21,Lakhimpur,Lakhimpur_Village_D,6.91,1.44,9.41,22.68,4.82,50.95,6.14,4,2,7,3
2023-08-03,Jorhat,Jorhat_Village_A,6.83,23.7,8.69,29.4,0.13,51.05,1.04,7,3,10,4
2023-12-26,Jorhat,Jorhat_Village_E,6.76,2.28,6.73,18.52,2.24,3.23,0.47,2,1,2,1
2024-03-28,Nagaon,Nagaon_Village_B,6.42,2.74,6.07,28.91,1.34,4.29,1.23,2,5,13,2
2024-12-08,Sivasagar,Sivasagar_Village_E,7.86,2.82,8.6,25.19,1.03,175.72,5.39,12,9,16,5
2024-05-14,Dhemaji,Dhemaji_Village_D,5.66,8.44,8.33,29.86,0.08,43.07,3.49,11,3,15,4
2024-11-22,Dhemaji,Dhemaji_Village_A,7.6,2.44,5.95,23.49,0.1,64.48,0.24,5,4,9,0
2023-07-11,Sonitpur,Sonitpur_Village_A,6.39,10.58,6.27,24.98,0.08,126.7,13.64,12,6,18,1
2023-07-03,Jorhat,Jorhat_Village_E,6.74,9.31,9.58,28.14,2.78,175.24,12.94,5,10,17,4
2023-05-23,Dibrugarh,Dibrugarh_Village_B,6.91,16.45,5.69,36.87,0.88,5.79,3.69,2,6,5,1
2023-07-16,Sivasagar,Sivasagar_Village_C,7.46,9.16,7.92,40.4,0.22,23.67,12.59,8,3,14,4
2023-07-27,Jorhat,Jorhat_Village_A,6.16,8.25,5.98,15.84,3.68,31.26,7.19,9,2,8,3
2024-01-19,Golaghat,Golaghat_Village_C,7.52,5.33,8.24,19.54,5.63,2.4,0.77,7,1,4,2
2023-05-16,Jorhat,Jorhat_Village_C,6.26,19.1,7.45,26.8,0.95,47.58,5.05,5,4,16,2
2023-07-21,Barpeta,Barpeta_Village_C,7.33,18.74,6.43,35.97,0.53,29.61,29.19,10,5,24,2
2024-08-08,Dibrugarh,Dibrugarh_Village_A,6.16,22.24,6.92,28.88,0.54,221.61,44.42,15,11,29,5
2023-08-27,Dibrugarh,Dibrugarh_Village_D,7.18,6.11,7.56,26.42,1.67,174.02,2.12,5,3,12,2
2023-03-12,Barpeta,Barpeta_Village_D,7.4,4.3,9.44,24.22,1.61,12.18,0.47,5,1,9,0
2024-07-03,Nagaon,Nagaon_Village_D,7.19,18.61,7.12,35.91,0.34,167.4,6.71,12,12,20,7
2024-02-14,Lakhimpur,Lakhimpur_Village_D,7.33,1.89,8.09,23.02,0.22,6.73,7.74,6,2,7,0
2024-06-17,Sivasagar,Sivasagar_Village_D,6.37,23.18,7.87,23.83,1.06,16.89,0.42,13,4,10,6
2023-05-28,Lakhimpur,Lakhimpur_Village_C,7.12,8.04,7.28,32.72,0.27,73.01,0.65,7,5,16,2
2023-07-09,Golaghat,Golaghat_Village_E,6.74,16.3,7.6,25.79,0.96,116.79,7.38,4,12,12,2
2024-09-12,Barpeta,Barpeta_Village_A,6.54,25.21,7.62,29.14,2.24,182.36,5.51,12,7,26,4
2024-07-04,Sonitpur,Sonitpur_Village_D,6.32,8.38,7.88,29.1,1.48,39.65,7.64,7,15,11,3
2023-11-09,Dibrugarh,Dibrugarh_Village_A,6.91,2.12,6.25,25.11,2.15,304.83,1.2,10,10,33,4
2024-05-27,Morigaon,Morigaon_Village_D,6.95,10.02,7.58,26.59,1.81,256.88,12.91,10,7,22,5
2023-07-22,Lakhimpur,Lakhimpur_Village_D,6.58,13.43,8.1,24.91,0.78,550.27,5.91,20,21,35,4
2024-12-02,Morigaon,Morigaon_Village_B,6.37,5.84,7.63,22.05,4.65,24.16,0.49,4,7,10,1
2023-05-03,Sonitpur,Sonitpur_Village_C,6.27,18.05,8.53,28.33,6.09,268.8,4.73,11,12,25,9
2023-11-02,Sivasagar,Sivasagar_Village_A,7.32,3.95,6.58,27.5,0.12,58.68,2.61,2,3,7,3
2024-03-04,Morigaon,Morigaon_Village_A,7.07,2.09,7.9,18.27,0.24,20.17,3.04,4,4,2,0
2023-03-17,Golaghat,Golaghat_Village_D,7.86,1.13,7.93,27.38,4.03,3.07,2.36,4,4,12,0
2023-11-09,Golaghat,Golaghat_Village_C,6.3,3.22,8.7,21.88,1.66,15.13,2.37,5,4,4,2
2023-12-21,Dhemaji,Dhemaji_Village_C,7.43,7.85,8.08,12.45,4.54,10.93,0.05,9,1,6,0
2023-01-10,Sivasagar,Sivasagar_Village_D,6.87,2.78,8.73,16.8,0.98,99.56,0.74,5,3,6,0
2024-04-29,Dibrugarh,Dibrugarh_Village_E,6.8,1.38,8.2,28.78,0.08,35.89,2.28,4,2,3,2
2024-01-10,Nagaon,Nagaon_Village_C,6.66,1.12,8.79,28.82,0.53,25.99,0.63,6,3,3,1
2024-07-07,Dhemaji,Dhemaji_Village_E,6.42,18.71,7.65,31.82,0.81,86.79,15.57,14,8,25,3
2024-04-28,Morigaon,Morigaon_Village_A,6.89,1.03,6.73,18.01,2.45,127.68,0.31,4,3,12,1
2024-05-02,Barpeta,Barpeta_Village_A,6.79,8.75,7.36,23.7,0.07,16.25,8.06,2,5,9,1
2024-03-23,Sonitpur,Sonitpur_Village_A,6.6,10.22,8.2,39.42,0.66,86.36,2.8,7,6,18,1
2024-11-24,Dhemaji,Dhemaji_Village_E,7.48,3.61,7.81,27.15,2.23,1.61,1.53,2,4,7,1
2023-03-06,Nagaon,Nagaon_Village_A,7.06,1.56,7.21,18.56,0.13,12.68,0.9,4,2,7,0
2023-04-24,Dhemaji,Dhemaji_Village_D,6.95,1.43,6.86,32.1,1.16,32.97,0.48,2,0,11,2
2023-05-09,Nagaon,Nagaon_Village_E,7.36,10.49,6.82,25.88,6.99,165.87,18.04,14,18,29,4
2024-09-18,Dibrugarh,Dibrugarh_Village_C,7.29,21.72,8.59,27.69,0.46,79.13,24.21,7,4,14,2
2023-11-14,Jorhat,Jorhat_Village_A,6.61,2.32,9.38,33.1,2.51,13.74,1.17,1,4,2,1
2024-07-12,Sivasagar,Sivasagar_Village_E,6.58,9.58,7.8,30.88,1.1,52.34,48.88,18,9,16,5
2023-10-13,Dhemaji,Dhemaji_Village_D,7.02,3.58,9.03,30.02,2.2,35.77,1.12,1,2,11,0
2023-01-18,Barpeta,Barpeta_Village_C,6.22,4.54,7.74,18.27,1.75,11.6,3.81,3,4,11,2
2024-05-30,Dibrugarh,Dibrugarh_Village_E,7.22,22.98,6.5,31.1,0.26,159.63,3.05,9,4,18,5
2024-04-22,Golaghat,Golaghat_Village_D,7.0,4.1,8.68,25.71,0.07,32.2,0.82,1,3,6,0
2023-12-18,Dibrugarh,Dibrugarh_Village_C,7.36,2.08,7.66,24.79,1.26,78.5,1.03,6,5,7,4
2024-08-23,Barpeta,Barpeta_Village_B,6.34,20.19,6.69,34.78,0.77,323.19,0.87,16,14,28,4
2024-10-29,Lakhimpur,Lakhimpur_Village_E,7.21,4.02,7.09,29.72,0.07,68.56,3.24,4,5,11,1
2024-09-11,Dibrugarh,Dibrugarh_Village_E,6.65,14.43,7.11,28.47,0.46,183.2,8.31,11,7,27,7
2024-07-21,Sivasagar,Sivasagar_Village_E,7.02,10.03,6.0,26.11,0.73,508.93,15.44,18,15,33,6
2023-03-10,Lakhimpur,Lakhimpur_Village_B,7.73,1.52,7.72,30.28,2.24,0.84,0.83,2,3,13,4
2024-08-10,Golaghat,Golaghat_Village_E,7.2,10.5,7.72,36.31,0.11,446.26,10.78,15,19,30,5
2024-06-29,Lakhimpur,Lakhimpur_Village_E,6.69,12.39,7.43,26.78,0.59,54.21,18.34,6,2,21,2
2024-08-31,Dhemaji,Dhemaji_Village_D,5.51,20.43,7.19,33.67,1.91,327.0,49.08,23,13,41,5
2024-09-30,Nagaon,Nagaon_Village_E,6.27,7.85,7.34,32.15,1.69,300.43,0.09,8,11,24,6
2023-07-15,Sonitpur,Sonitpur_Village_E,6.84,16.9,8.79,26.95,0.37,60.67,6.39,8,2,15,4
2023-03-23,Jorhat,Jorhat_Village_B,6.62,2.41,5.24,20.49,4.04,13.99,6.81,6,4,5,0
2023-12-24,Golaghat,Golaghat_Village_B,7.06,5.8,8.7,27.96,1.04,0.14,3.79,2,3,7,1
2023-09-26,Jorhat,Jorhat_Village_B,6.51,10.52,7.08,23.17,2.44,30.65,6.85,6,7,5,0
2023-06-29,Lakhimpur,Lakhimpur_Village_D,6.81,14.12,8.64,42.49,1.22,63.19,8.46,2,6,14,2
2024-04-08,Sivasagar,Sivasagar_Village_D,7.2,3.89,7.73,28.38,3.3,73.0,0.24,6,3,8,1
2024-01-10,Morigaon,Morigaon_Village_E,7.39,5.22,8.5,17.45,0.5,29.42,4.59,5,4,9,0
2023-04-21,Lakhimpur,Lakhimpur_Village_C,6.56,3.24,7.37,34.23,0.08,22.49,3.5,3,5,10,0
2024-02-25,Sonitpur,Sonitpur_Village_D,7.0,3.27,7.89,28.04,1.39,42.52,0.3,4,2,11,2
2024-09-05,Nagaon,Nagaon_Village_E,6.12,15.34,8.25,36.99,1.74,169.2,16.87,10,6,29,3
2023-03-08,Nagaon,Nagaon_Village_E,7.54,1.92,7.71,22.23,3.31,55.86,1.38,2,1,8,2
2023-01-16,Dhemaji,Dhemaji_Village_C,6.71,2.16,8.36,33.39,2.81,18.51,1.19,4,3,9,0
2023-04-22,Nagaon,Nagaon_Village_D,7.68,2.28,6.36,32.71,0.21,9.13,5.15,7,1,16,1
2024-01-24,Dhemaji,Dhemaji_Village_B,7.07,2.57,6.61,29.26,0.14,15.6,4.87,4,2,6,1
2024-07-23,Sivasagar,Sivasagar_Village_A,6.36,16.73,8.95,30.07,0.29,473.94,50.01,18,12,55,8
2024-03-20,Nagaon,Nagaon_Village_A,7.63,4.21,6.82,28.82,0.73,33.0,0.13,6,1,11,1
2024-09-17,Jorhat,Jorhat_Village_B,7.42,9.26,6.33,41.37,1.46,0.94,8.24,7,7,7,3
2024-02-26,Lakhimpur,Lakhimpur_Village_A,7.4,5.66,8.19,22.41,1.24,33.36,5.46,6,1,9,2
2024-04-04,Morigaon,Morigaon_Village_C,7.41,1.68,8.19,35.53,1.91,111.5,0.16,7,3,11,0
2023-06-15,Sonitpur,Sonitpur_Village_B,6.86,20.23,6.54,31.63,0.25,232.39,2.25,12,9,34,6
2024-06-06,Golaghat,Golaghat_Village_A,6.72,21.35,8.51,32.59,0.03,97.61,9.23,8,7,18,2
2024-05-12,Barpeta,Barpeta_Village_D,6.64,14.54,7.94,30.55,4.66,149.15,1.52,8,5,18,4
2024-04-10,Golaghat,Golaghat_Village_A,6.83,4.87,7.4,19.54,1.7,13.61,3.16,2,2,3,0
2023-01-16,Jorhat,Jorhat_Village_D,7.52,1.48,6.3,20.35,0.41,34.41,0.65,3,6,8,0
2024-03-17,Jorhat,Jorhat_Village_E,7.79,3.59,7.39,24.8,0.27,123.08,1.36,5,8,21,4
2023-02-28,Dibrugarh,Dibrugarh_Village_C,5.91,2.09,6.94,27.4,1.44,33.41,1.96,4,1,15,1
2024-11-30,Barpeta,Barpeta_Village_D,6.29,2.41,9.43,29.29,0.72,30.81,0.66,3,6,4,1
2023-10-07,Nagaon,Nagaon_Village_B,6.52,3.27,7.62,27.48,0.0,112.22,1.48,11,3,17,3
2023-02-22,Lakhimpur,Lakhimpur_Village_D,6.9,2.02,3.79,33.77,0.01,34.77,0.97,3,2,5,0
2024-08-12,Sivasagar,Sivasagar_Village_C,6.54,13.58,7.24,25.47,0.08,312.02,16.77,15,9,39,13
2024-04-24,Dhemaji,Dhemaji_Village_C,6.5,0.95,6.65,30.36,0.72,68.25,6.67,7,2,7,1
2024-06-29,Dhemaji,Dhemaji_Village_A,7.72,12.18,7.79,29.26,2.57,107.6,15.65,6,4,23,3
2023-02-25,Nagaon,Nagaon_Village_D,7.14,3.86,7.81,21.46,2.02,81.93,3.49,6,5,11,1
2023-09-27,Sivasagar,Sivasagar_Village_E,7.01,25.38,8.03,25.42,2.07,278.27,19.8,12,11,34,6
2024-07-29,Lakhimpur,Lakhimpur_Village_D,6.75,16.0,7.44,28.23,0.71,172.34,3.5,10,8,16,2
2024-10-10,Dibrugarh,Dibrugarh_Village_C,7.19,3.84,6.51,29.26,2.14,11.05,0.31,4,0,2,1
2024-12-01,Sonitpur,Sonitpur_Village_C,6.94,2.29,8.39,19.39,5.94,15.6,3.34,0,1,9,1
2023-11-19,Lakhimpur,Lakhimpur_Village_E,6.98,1.35,7.37,27.6,1.1,62.71,1.85,4,1,5,0
2024-03-22,Barpeta,Barpeta_Village_D,6.15,3.42,8.12,23.9,0.46,103.62,0.06,10,7,13,3
2024-12-06,Sonitpur,Sonitpur_Village_D,7.26,2.09,6.63,24.95,1.64,34.94,0.31,4,3,6,1
2024-12-17,Nagaon,Nagaon_Village_E,7.61,1.83,5.55,35.17,0.37,50.64,7.36,8,4,10,3
2024-12-03,Dhemaji,Dhemaji_Village_A,7.33,2.82,7.6,17.6,1.29,14.95,3.41,3,1,7,4
2023-09-25,Dibrugarh,Dibrugarh_Village_B,6.33,13.33,7.81,40.34,2.04,51.56,35.61,11,13,16,3
2024-01-30,Dhemaji,Dhemaji_Village_B,7.57,2.1,8.77,22.61,0.73,3.78,5.4,5,5,6,1
2024-01-22,Barpeta,Barpeta_Village_B,6.68,3.78,8.53,28.0,1.65,67.52,2.17,6,6,7,3
2024-09-29,Golaghat,Golaghat_Village_E,7.17,21.37,8.9,31.83,0.03,99.73,29.25,10,5,28,7
2024-09-14,Sonitpur,Sonitpur_Village_A,6.41,15.99,6.29,31.62,6.59,24.13,2.93,5,7,17,2
2023-04-11,Lakhimpur,Lakhimpur_Village_B,6.92,2.13,8.12,12.09,0.76,65.33,4.15,7,3,3,0
2023-04-09,Dhemaji,Dhemaji_Village_A,6.08,1.81,8.57,26.41,0.11,0.65,3.17,5,6,10,0
2023-10-03,Barpeta,Barpeta_Village_E,7.8,3.79,7.6,33.42,0.8,90.84,0.74,9,7,17,1
2024-08-11,Sonitpur,Sonitpur_Village_A,6.8,12.0,7.29,35.59,0.43,26.51,21.96,7,6,13,1
2023-05-08,Lakhimpur,Lakhimpur_Village_A,6.36,7.56,6.19,33.97,0.11,32.83,24.29,7,6,16,0
2023-03-14,Barpeta,Barpeta_Village_D,7.49,1.68,7.88,29.51,1.43,8.65,0.11,1,3,3,0
2023-06-01,Lakhimpur,Lakhimpur_Village_A,5.39,6.53,7.02,35.49,1.56,141.38,18.19,22,12,24,3
2023-09-06,Nagaon,Nagaon_Village_D,7.49,19.64,7.67,23.09,5.46,225.19,27.73,12,11,24,6
2024-07-22,Dhemaji,Dhemaji_Village_E,6.36,15.66,6.75,26.69,0.58,204.93,4.92,8,11,18,5
2024-05-06,Morigaon,Morigaon_Village_D,7.0,13.84,7.73,27.42,3.07,198.27,2.18,11,9,15,3
2023-04-13,Golaghat,Golaghat_Village_D,6.68,0.69,8.69,37.7,0.74,4.48,0.19,3,2,2,0
2024-01-10,Dibrugarh,Dibrugarh_Village_D,6.93,1.01,7.85,35.34,6.98,64.37,0.48,2,3,8,1
2024-04-10,Golaghat,Golaghat_Village_B,8.0,2.16,7.45,23.75,2.68,100.82,1.97,9,9,13,5
2024-11-26,Nagaon,Nagaon_Village_D,7.24,2.38,6.99,30.31,3.3,22.03,0.21,4,2,5,1
2023-05-26,Nagaon,Nagaon_Village_A,6.93,15.28,7.86,27.51,5.39,367.91,6.91,10,9,29,5
2023-07-22,Morigaon,Morigaon_Village_A,6.92,14.36,8.0,30.22,0.59,244.41,11.86,13,8,29,4
2023-07-26,Dibrugarh,Dibrugarh_Village_A,6.88,21.9,7.95,28.69,0.77,100.46,0.78,6,5,18,3
2023-09-14,Dhemaji,Dhemaji_Village_A,6.39,9.96,6.25,32.61,1.4,98.4,5.0,8,7,23,2
2023-02-15,Dibrugarh,Dibrugarh_Village_A,6.51,1.35,7.61,23.41,1.17,148.71,0.56,5,7,11,4
2024-09-22,Dhemaji,Dhemaji_Village_E,7.46,21.24,9.51,33.91,0.03,22.12,62.91,6,9,29,3
2024-09-29,Dibrugarh,Dibrugarh_Village_E,5.48,17.66,7.36,25.79,0.38,543.82,12.35,29,17,55,7
2024-07-15,Dhemaji,Dhemaji_Village_D,5.75,16.05,8.16,24.47,7.06,24.15,13.64,8,7,16,3
2024-04-23,Dhemaji,Dhemaji_Village_C,7.57,2.81,7.61,30.8,1.2,70.04,6.23,9,7,13,4
2024-11-01,Sivasagar,Sivasagar_Village_A,8.05,2.67,5.51,21.63,0.3,28.94,1.37,7,4,15,3
2023-07-16,Nagaon,Nagaon_Village_B,7.06,10.39,7.66,34.96,0.41,31.76,10.21,11,5,9,0
2024-02-21,Morigaon,Morigaon_Village_D,7.19,3.29,8.19,23.1,2.95,27.06,2.76,5,4,5,1
2023-01-31,Golaghat,Golaghat_Village_E,6.95,2.25,6.34,25.7,2.74,0.42,0.37,5,0,3,1
2024-05-27,Nagaon,Nagaon_Village_A,6.95,22.38,6.5,32.59,1.74,292.97,5.79,16,13,24,4
2023-05-24,Dhemaji,Dhemaji_Village_E,6.67,21.31,6.32,31.13,2.35,90.05,15.77,12,4,14,2
2023-09-15,Jorhat,Jorhat_Village_B,6.99,20.21,8.45,36.09,1.3,128.5,0.59,15,6,11,4
2023-05-27,Sonitpur,Sonitpur_Village_D,6.19,14.97,8.4,24.96,0.21,4.27,12.33,4,1,12,2
2023-10-06,Nagaon,Nagaon_Village_B,7.19,1.69,7.37,21.99,0.39,5.81,1.67,1,2,6,1
2023-03-13,Jorhat,Jorhat_Village_D,7.25,1.89,7.16,15.64,1.83,9.39,2.71,2,1,6,1
2024-09-22,Sivasagar,Sivasagar_Village_A,7.44,20.52,6.16,36.15,1.27,243.92,5.32,20,14,32,5
2024-10-24,Sonitpur,Sonitpur_Village_E,7.03,2.26,6.02,26.29,1.12,52.82,2.6,0,2,4,0
2024-11-01,Lakhimpur,Lakhimpur_Village_D,6.77,3.69,9.3,18.36,1.31,30.76,0.9,3,7,5,2
2023-03-27,Dhemaji,Dhemaji_Village_A,6.14,7.22,7.44,21.26,3.44,47.67,3.57,2,6,10,1
2024-08-14,Dibrugarh,Dibrugarh_Village_E,5.76,16.2,7.22,23.58,8.33,44.18,13.73,8,10,24,2
2023-12-25,Nagaon,Nagaon_Village_A,6.26,1.12,5.8,20.53,3.04,71.15,1.3,3,5,12,2
2024-04-25,Golaghat,Golaghat_Village_D,6.43,1.54,6.69,31.37,1.98,4.99,0.2,3,1,7,5
2024-10-20,Golaghat,Golaghat_Village_B,6.7,2.91,7.57,29.84,2.21,89.06,0.33,3,2,9,4
2023-05-02,Golaghat,Golaghat_Village_E,6.17,6.4,8.33,26.87,1.91,175.19,8.89,9,12,24,3
2023-10-06,Jorhat,Jorhat_Village_D,6.59,4.17,7.43,25.14,3.66,29.73,2.03,5,5,8,1
2023-03-23,Jorhat,Jorhat_Village_B,6.67,2.79,8.18,24.67,4.38,5.39,2.73,4,1,8,1
2023-01-21,Morigaon,Morigaon_Village_A,6.74,3.6,6.98,23.17,2.51,3.58,0.8,3,6,5,0
2023-08-09,Nagaon,Nagaon_Village_B,7.15,9.06,7.24,23.31,1.76,211.76,66.67,13,15,23,7
2023-06-16,Sivasagar,Sivasagar_Village_D,6.87,21.84,6.75,28.45,0.61,228.21,0.49,12,11,25,3
2023-07-06,Sonitpur,Sonitpur_Village_B,6.99,12.54,8.85,27.67,6.58,16.93,8.19,3,5,6,0
2023-09-06,Sonitpur,Sonitpur_Village_E,6.48,21.06,5.25,31.68,4.13,62.81,6.12,7,6,15,2
2023-09-09,Dhemaji,Dhemaji_Village_D,6.86,21.63,7.81,30.82,3.26,22.26,4.3,6,3,12,1
2023-03-27,Lakhimpur,Lakhimpur_Village_C,7.5,4.91,7.43,23.21,0.81,55.34,0.49,5,7,7,0
2024-09-11,Sonitpur,Sonitpur_Village_B,6.09,19.71,6.46,36.46,0.23,9.02,13.34,9,4,20,4
2023-06-27,Sivasagar,Sivasagar_Village_E,6.36,19.73,6.97,27.54,0.82,67.76,10.66,9,4,23,7
2024-05-25,Barpeta,Barpeta_Village_C,7.23,14.85,8.12,31.92,0.21,71.65,49.17,14,9,22,4
2023-08-09,Barpeta,Barpeta_Village_A,6.96,16.72,7.0,26.96,1.71,68.83,10.85,8,10,21,2
2024-01-26,Morigaon,Morigaon_Village_E,5.94,3.19,7.17,28.56,0.36,68.5,0.95,7,3,12,1
2023-08-16,Barpeta,Barpeta_Village_C,7.0,12.78,8.05,25.32,1.67,244.58,1.87,6,13,22,0
2023-10-27,Lakhimpur,Lakhimpur_Village_D,7.47,4.9,9.0,25.6,0.34,24.87,1.35,3,2,10,4
2024-09-26,Nagaon,Nagaon_Village_E,6.55,21.3,8.63,29.24,0.1,20.1,8.02,7,7,13,1
2024-02-02,Barpeta,Barpeta_Village_E,7.52,2.61,9.24,29.3,3.26,53.82,1.02,4,4,12,3
2023-11-15,Sivasagar,Sivasagar_Village_E,7.52,3.76,7.05,23.88,1.34,18.89,0.45,3,3,5,0
2023-03-04,Golaghat,Golaghat_Village_B,7.04,6.05,8.41,27.23,0.02,25.78,4.76,5,3,9,0
2024-08-06,Nagaon,Nagaon_Village_D,6.74,20.77,7.73,30.2,2.02,224.55,24.12,12,10,33,7
2023-04-08,Jorhat,Jorhat_Village_E,7.07,3.9,9.24,24.69,2.92,161.86,1.38,8,4,16,0
2023-01-26,Dibrugarh,Dibrugarh_Village_D,6.74,2.79,7.5,18.55,1.8,8.03,1.02,7,2,2,0
2023-12-08,Dhemaji,Dhemaji_Village_B,7.05,3.45,10.03,20.03,5.26,88.12,0.78,4,3,15,1
2023-01-13,Jorhat,Jorhat_Village_B,6.85,1.2,7.69,24.78,0.99,4.17,0.19,3,0,3,0
2023-06-24,Sonitpur,Sonitpur_Village_B,6.32,20.38,7.06,35.29,0.48,60.78,20.18,9,5,21,2
2024-12-04,Golaghat,Golaghat_Village_E,6.62,2.32,8.42,21.23,0.87,83.56,0.77,3,2,10,1
2024-09-23,Lakhimpur,Lakhimpur_Village_D,6.16,14.89,6.72,34.27,1.31,603.79,17.41,32,25,42,11
2023-04-14,Golaghat,Golaghat_Village_B,6.09,1.4,8.72,30.61,1.75,3.18,2.13,0,6,4,0
2024-11-12,Lakhimpur,Lakhimpur_Village_A,6.74,2.97,7.05,42.07,0.31,126.46,1.16,11,5,21,3
2023-11-30,Dhemaji,Dhemaji_Village_E,6.75,2.64,8.5,22.11,2.34,64.53,2.4,2,3,10,2
2023-10-09,Lakhimpur,Lakhimpur_Village_B,6.88,3.05,7.57,26.65,2.66,5.85,3.96,4,3,4,1
2024-06-03,Jorhat,Jorhat_Village_A,6.51,11.89,8.27,27.93,3.04,333.86,4.23,16,16,31,7
2023-09-07,Morigaon,Morigaon_Village_A,7.03,16.64,7.19,23.54,1.59,141.81,14.04,11,10,16,0
2024-08-13,Dhemaji,Dhemaji_Village_A,6.8,17.8,6.36,28.36,0.25,178.74,39.36,12,16,30,4
2023-03-09,Barpeta,Barpeta_Village_C,5.82,3.24,6.52,25.82,11.61,27.72,0.86,8,4,13,1
2024-04-06,Jorhat,Jorhat_Village_A,7.26,2.5,6.49,35.24,1.74,144.33,3.34,10,10,18,2
2024-10-25,Lakhimpur,Lakhimpur_Village_E,7.95,2.57,8.59,25.19,0.68,4.51,5.52,5,3,10,1
2023-03-03,Sonitpur,Sonitpur_Village_C,6.96,4.46,8.25,26.49,1.0,163.2,1.07,11,7,13,3
2023-12-19,Barpeta,Barpeta_Village_E,7.54,1.42,6.84,19.78,0.55,40.7,0.23,4,2,9,0
2024-08-07,Sivasagar,Sivasagar_Village_B,7.3,20.38,8.22,39.1,5.82,73.13,13.72,11,7,26,4
2023-06-05,Golaghat,Golaghat_Village_C,6.31,10.67,7.49,25.26,2.34,50.95,17.84,8,6,19,5
2024-06-06,Morigaon,Morigaon_Village_E,6.47,11.51,9.59,31.39,0.96,158.88,6.15,8,5,25,4
2023-06-23,Lakhimpur,Lakhimpur_Village_A,7.01,21.38,7.74,31.51,5.74,12.96,4.62,7,4,12,3
2024-10-19,Nagaon,Nagaon_Village_B,6.99,3.12,7.16,26.79,4.7,20.83,0.95,2,2,7,2
2023-09-03,Sonitpur,Sonitpur_Village_C,7.12,10.32,7.18,31.57,3.85,145.1,11.01,11,7,15,4
2024-10-11,Lakhimpur,Lakhimpur_Village_E,7.39,1.72,7.48,23.76,1.34,1.14,2.32,2,1,4,2
2024-06-24,Sonitpur,Sonitpur_Village_B,6.8,13.91,7.59,33.94,1.75,64.2,44.66,12,2,13,2
2024-09-08,Dibrugarh,Dibrugarh_Village_B,6.11,13.26,6.49,31.8,0.42,245.26,4.44,13,13,31,11
2023-08-18,Morigaon,Morigaon_Village_C,6.6,17.27,6.57,32.35,0.02,174.79,1.69,5,10,21,5
2023-03-19,Lakhimpur,Lakhimpur_Village_A,6.6,2.12,9.24,37.02,0.16,59.9,1.96,5,4,15,2
2023-09-11,Barpeta,Barpeta_Village_E,6.34,7.22,9.13,34.99,1.85,9.25,1.08,4,4,12,2
2024-03-01,Barpeta,Barpeta_Village_B,7.37,6.3,7.84,34.59,0.95,20.8,1.94,5,1,7,0
2024-06-13,Dibrugarh,Dibrugarh_Village_D,6.52,11.81,7.55,37.35,0.27,167.9,7.58,8,6,25,4
2024-01-10,Dhemaji,Dhemaji_Village_B,7.21,4.07,7.62,26.14,0.42,29.18,0.15,4,1,5,0
2023-09-16,Nagaon,Nagaon_Village_E,7.33,20.25,8.07,24.76,0.2,88.62,2.66,15,4,15,4
2024-04-14,Morigaon,Morigaon_Village_D,7.3,2.87,7.51,26.16,0.8,35.5,0.05,4,4,11,1
2023-02-15,Dhemaji,Dhemaji_Village_B,6.42,2.72,8.12,19.05,1.1,7.94,1.3,0,1,7,1
2023-05-24,Barpeta,Barpeta_Village_D,7.06,11.83,7.25,35.93,2.59,89.18,14.59,13,5,17,2
2024-11-23,Barpeta,Barpeta_Village_C,7.66,2.59,6.69,22.06,2.29,38.11,1.44,2,2,5,0
2024-10-10,Barpeta,Barpeta_Village_E,6.75,2.84,9.35,24.48,4.06,135.93,0.79,7,2,10,0
2024-06-22,Dibrugarh,Dibrugarh_Village_E,7.1,18.06,6.09,23.51,2.02,173.92,17.02,7,10,28,6
2024-01-08,Dhemaji,Dhemaji_Village_A,7.6,1.13,9.72,25.29,7.22,2.87,1.71,3,1,6,0
2023-11-29,Jorhat,Jorhat_Village_C,7.07,1.09,6.67,21.6,1.83,4.66,0.12,2,1,2,2
2023-03-04,Golaghat,Golaghat_Village_E,7.32,3.99,6.07,26.87,3.96,67.88,1.07,9,3,8,2
2023-07-24,Morigaon,Morigaon_Village_A,7.5,18.63,7.38,25.64,15.22,225.4,33.59,19,9,26,6
2023-04-26,Jorhat,Jorhat_Village_D,6.59,1.5,7.59,21.21,1.16,35.92,2.23,2,4,9,0
2023-02-28,Lakhimpur,Lakhimpur_Village_A,6.34,2.41,8.79,24.71,6.02,50.29,0.87,7,5,17,1
2024-07-01,Lakhimpur,Lakhimpur_Village_E,6.79,22.16,7.91,29.15,0.92,6.94,21.59,7,5,12,1
2024-09-12,Dhemaji,Dhemaji_Village_B,7.08,11.71,6.59,30.71,5.1,18.96,3.82,4,7,7,0
2024-10-14,Nagaon,Nagaon_Village_D,7.01,6.22,8.01,30.77,0.72,203.57,0.64,8,7,16,2
2023-04-26,Golaghat,Golaghat_Village_B,5.71,2.32,7.41,22.62,0.83,39.0,2.25,4,6,15,2
2023-02-25,Nagaon,Nagaon_Village_A,7.31,1.41,6.94,24.76,0.03,6.35,2.09,2,3,8,1
2024-06-30,Dhemaji,Dhemaji_Village_A,6.8,19.28,5.11,27.17,4.94,16.78,8.13,6,3,13,2
2023-05-15,Nagaon,Nagaon_Village_D,6.68,10.22,7.52,27.92,2.28,11.21,9.27,8,12,12,2
2023-08-15,Nagaon,Nagaon_Village_D,7.42,13.35,6.97,33.89,1.58,30.1,9.68,6,3,20,3
2023-12-22,Golaghat,Golaghat_Village_A,7.2,3.0,8.62,22.5,1.89,75.5,2.54,3,9,11,2
2023-10-13,Nagaon,Nagaon_Village_B,7.44,1.69,7.32,26.41,4.78,18.52,7.49,2,3,6,0
2023-12-12,Dhemaji,Dhemaji_Village_A,7.54,2.68,8.13,33.32,0.19,59.21,0.36,5,5,17,3
2023-06-17,Sivasagar,Sivasagar_Village_D,7.21,16.07,6.92,32.28,2.71,114.36,0.89,9,4,13,0
2024-06-05,Nagaon,Nagaon_Village_A,6.56,12.72,5.95,32.1,1.37,207.16,9.54,10,11,30,3
2024-07-10,Lakhimpur,Lakhimpur_Village_D,6.62,15.22,7.28,23.34,1.84,49.57,22.78,6,8,28,5
2023-03-28,Sonitpur,Sonitpur_Village_E,6.82,4.0,6.49,20.37,0.31,43.56,0.37,2,0,5,1
2023-10-29,Jorhat,Jorhat_Village_A,7.2,1.92,5.75,22.25,0.1,33.4,0.88,3,0,4,0
2024-05-14,Dhemaji,Dhemaji_Village_D,7.49,13.51,9.18,30.32,1.24,114.97,23.39,7,7,25,4
2024-12-10,Dibrugarh,Dibrugarh_Village_D,7.99,3.28,7.31,30.16,1.06,72.25,1.75,6,5,9,6
2024-05-07,Golaghat,Golaghat_Village_D,6.16,17.34,7.31,26.69,2.48,2.53,12.66,2,8,14,1
2024-07-08,Jorhat,Jorhat_Village_D,6.53,24.85,10.08,23.35,1.51,48.53,1.17,11,6,17,4
2024-09-04,Morigaon,Morigaon_Village_C,6.48,13.32,7.27,29.99,0.23,106.38,0.36,8,10,14,4
2024-08-08,Sivasagar,Sivasagar_Village_D,7.01,13.98,5.19,38.3,1.66,79.48,0.74,4,4,9,0
2023-04-02,Sonitpur,Sonitpur_Village_D,7.3,2.84,7.3,30.2,0.87,7.72,5.17,2,3,5,1
2024-05-30,Dibrugarh,Dibrugarh_Village_D,6.09,22.18,7.69,25.74,1.97,96.55,16.28,7,7,19,5
2024-07-05,Dhemaji,Dhemaji_Village_A,6.0,23.2,8.1,37.01,0.91,29.45,22.45,11,10,21,4
2024-06-14,Morigaon,Morigaon_Village_E,6.65,13.9,6.51,33.71,3.17,124.55,13.29,8,10,17,2
2023-04-16,Dhemaji,Dhemaji_Village_B,6.13,1.6,7.18,31.06,0.87,90.77,0.14,9,8,23,2
2023-02-28,Sivasagar,Sivasagar_Village_E,7.7,3.05,7.58,22.18,1.02,73.91,0.08,5,7,9,3
2023-11-08,Dhemaji,Dhemaji_Village_D,7.01,1.66,5.24,27.16,0.14,48.67,1.76,3,1,7,0
2023-03-07,Dibrugarh,Dibrugarh_Village_E,7.27,1.72,7.43,31.12,1.52,18.03,1.36,4,3,7,1
2024-06-05,Golaghat,Golaghat_Village_D,5.95,19.66,5.81,34.57,0.05,173.36,3.63,17,11,33,5
2023-04-16,Barpeta,Barpeta_Village_E,7.76,4.82,6.39,24.16,0.83,57.0,0.12,6,8,10,1
2024-11-08,Golaghat,Golaghat_Village_D,6.78,1.46,8.7,29.19,1.19,138.65,2.67,8,6,18,3
2023-07-30,Sivasagar,Sivasagar_Village_D,6.9,20.84,6.37,30.7,4.08,140.83,75.86,9,17,29,3
2023-05-31,Lakhimpur,Lakhimpur_Village_D,6.68,16.18,6.36,31.08,1.27,222.33,0.23,9,14,22,1
2024-04-21,Dhemaji,Dhemaji_Village_E,7.54,1.17,8.46,34.1,0.19,98.75,3.35,2,6,11,2
2024-02-23,Jorhat,Jorhat_Village_A,6.48,0.97,9.06,24.14,0.22,73.26,2.33,7,2,20,2
2024-01-05,Dhemaji,Dhemaji_Village_C,7.93,1.12,9.13,25.92,1.16,68.54,0.46,5,7,9,0
2024-04-24,Dhemaji,Dhemaji_Village_B,7.31,3.59,8.0,26.46,1.14,13.7,1.94,2,1,4,1
2023-02-20,Dibrugarh,Dibrugarh_Village_A,7.1,2.85,7.86,25.79,1.62,45.84,7.54,2,5,7,0
2023-07-22,Morigaon,Morigaon_Village_B,6.76,15.36,8.05,33.39,8.84,1.01,8.63,5,3,4,2
2024-01-13,Dibrugarh,Dibrugarh_Village_D,6.2,1.1,7.8,25.68,0.62,29.0,3.18,4,4,14,0
2024-05-21,Sivasagar,Sivasagar_Village_E,5.7,12.38,6.17,32.14,0.78,126.51,32.0,14,10,23,1
2023-10-29,Barpeta,Barpeta_Village_E,6.89,3.13,7.35,27.17,1.16,61.4,1.77,3,0,7,0
2024-10-21,Sivasagar,Sivasagar_Village_B,7.7,2.56,6.61,30.22,0.12,7.69,3.64,6,1,10,1
2023-01-18,Dibrugarh,Dibrugarh_Village_B,6.8,1.55,7.17,29.53,6.06,146.23,0.31,3,4,14,3
2023-02-07,Dhemaji,Dhemaji_Village_A,7.31,2.43,7.19,31.85,4.99,29.9,2.73,3,5,6,1
2024-02-03,Dibrugarh,Dibrugarh_Village_C,6.81,1.17,8.7,23.65,0.11,94.05,1.99,6,4,10,1
2023-10-24,Golaghat,Golaghat_Village_E,7.67,2.52,5.61,42.72,5.33,110.35,3.08,8,4,15,3
2023-03-30,Sivasagar,Sivasagar_Village_D,6.95,2.77,7.9,21.06,0.48,97.45,0.12,5,5,11,1
2023-06-10,Lakhimpur,Lakhimpur_Village_E,7.05,17.43,8.06,19.84,3.67,268.59,2.62,10,11,19,5
2024-11-14,Dibrugarh,Dibrugarh_Village_D,7.14,2.26,6.3,21.74,0.87,51.83,1.58,3,1,4,3
2024-09-15,Golaghat,Golaghat_Village_A,7.25,20.32,5.98,27.34,4.08,70.71,24.78,3,6,12,5
2023-10-19,Jorhat,Jorhat_Village_E,6.96,2.98,8.87,24.55,2.85,15.45,0.33,3,1,5,4
2023-03-27,Jorhat,Jorhat_Village_B,6.46,4.56,7.96,31.56,1.7,30.66,0.65,4,2,12,1
2023-12-05,Lakhimpur,Lakhimpur_Village_E,7.12,4.23,6.05,20.38,3.91,328.97,1.99,15,7,32,4
2024-02-22,Dibrugarh,Dibrugarh_Village_A,6.58,4.41,7.32,25.73,2.82,5.16,1.18,4,0,5,3
2024-05-22,Barpeta,Barpeta_Village_B,6.65,10.44,7.53,28.29,1.65,60.55,4.69,7,2,16,1
2024-05-01,Barpeta,Barpeta_Village_E,6.99,20.21,8.11,28.19,3.58,330.87,9.21,18,3,38,5
2024-12-13,Dhemaji,Dhemaji_Village_B,6.69,2.4,7.53,28.42,0.15,84.8,4.06,10,2,7,1
2023-10-03,Sivasagar,Sivasagar_Village_E,6.17,6.9,8.6,27.44,0.01,241.4,0.4,12,9,28,1
2024-01-14,Golaghat,Golaghat_Village_D,6.76,1.98,10.22,28.04,0.5,70.66,0.74,8,1,9,4
2023-03-25,Sonitpur,Sonitpur_Village_A,7.19,5.89,7.59,19.81,0.88,78.56,2.84,5,1,11,2
2023-10-06,Dhemaji,Dhemaji_Village_A,7.95,1.62,7.47,30.82,0.49,9.3,0.0,3,3,7,0
2024-09-28,Dibrugarh,Dibrugarh_Village_C,7.09,16.04,7.28,29.84,5.22,115.57,3.41,13,3,16,1
2023-11-21,Barpeta,Barpeta_Village_B,6.58,2.49,6.61,24.83,0.28,13.7,3.93,5,2,14,0
2023-11-26,Dhemaji,Dhemaji_Village_A,7.39,3.28,8.55,23.04,1.13,25.65,0.06,4,5,1,3
2023-12-26,Nagaon,Nagaon_Village_B,6.91,3.35,6.87,26.15,0.56,74.29,1.5,9,3,9,1
2023-09-11,Jorhat,Jorhat_Village_A,6.67,19.32,6.73,33.34,0.44,128.61,9.19,13,12,16,2
2024-08-07,Sonitpur,Sonitpur_Village_C,6.71,13.67,9.5,34.49,7.19,8.84,8.12,7,5,5,2
2023-08-22,Golaghat,Golaghat_Village_C,6.11,11.05,7.87,32.86,2.15,65.29,4.56,10,10,19,2
2023-09-21,Dhemaji,Dhemaji_Village_C,6.46,9.2,7.96,36.12,0.21,110.65,9.03,10,10,19,0
2023-09-01,Sivasagar,Sivasagar_Village_B,7.14,7.91,7.34,30.32,1.86,82.89,1.68,5,7,9,1
2024-10-01,Dibrugarh,Dibrugarh_Village_C,7.51,1.97,7.86,22.45,0.14,0.63,4.57,3,5,4,0
2024-12-02,Jorhat,Jorhat_Village_C,6.68,0.88,5.83,23.85,3.8,21.97,0.52,2,0,6,1
2023-05-07,Jorhat,Jorhat_Village_A,6.62,21.99,8.62,33.38,2.99,95.73,23.95,12,9,20,2
2023-04-05,Barpeta,Barpeta_Village_C,7.22,4.9,7.66,32.43,0.49,65.22,2.08,7,7,7,1
2024-03-03,Lakhimpur,Lakhimpur_Village_C,7.29,2.73,8.04,20.96,1.91,56.92,0.87,4,0,10,4
2023-12-14,Dhemaji,Dhemaji_Village_B,6.77,3.3,6.22,30.78,0.83,54.22,1.26,3,3,10,1
2023-04-15,Sivasagar,Sivasagar_Village_E,6.39,3.07,7.91,33.87,1.96,0.74,2.76,2,1,11,1
2023-07-28,Sonitpur,Sonitpur_Village_A,6.89,8.91,7.81,23.56,2.31,16.04,1.97,3,1,14,0
2024-12-29,Barpeta,Barpeta_Village_D,6.49,2.08,8.16,22.45,1.91,122.23,0.53,1,6,17,1
2023-05-23,Lakhimpur,Lakhimpur_Village_C,6.98,21.58,9.46,22.97,0.86,49.45,21.2,8,4,14,4
2024-12-24,Lakhimpur,Lakhimpur_Village_B,7.78,3.08,7.9,27.2,0.03,10.34,2.13,8,6,6,0
2024-11-17,Golaghat,Golaghat_Village_A,7.27,1.57,7.36,23.32,0.32,43.4,2.17,2,1,8,0
2023-04-25,Barpeta,Barpeta_Village_B,7.98,3.21,8.36,31.55,1.76,75.39,0.57,7,5,13,5
2024-06-09,Jorhat,Jorhat_Village_C,6.73,21.11,6.22,37.89,1.11,9.79,0.48,8,6,10,2
2023-01-21,Golaghat,Golaghat_Village_A,7.43,5.33,9.18,27.45,1.09,5.08,0.08,2,2,4,0
2024-02-09,Sivasagar,Sivasagar_Village_A,7.84,1.73,6.49,16.2,0.36,11.41,2.36,4,3,11,0
2023-05-08,Nagaon,Nagaon_Village_A,6.63,18.52,8.5,26.09,2.74,35.27,19.57,10,8,12,3
2024-07-24,Nagaon,Nagaon_Village_B,6.27,21.28,6.65,30.26,3.63,118.67,2.84,11,9,13,1
2023-10-16,Dibrugarh,Dibrugarh_Village_A,6.86,3.38,7.72,23.24,0.39,23.25,0.06,1,0,6,1
2023-08-12,Barpeta,Barpeta_Village_C,7.0,12.45,8.86,25.6,1.89,24.58,7.08,5,3,7,5
2024-12-11,Barpeta,Barpeta_Village_C,6.79,1.26,9.18,24.09,2.9,8.63,1.8,2,2,6,0
2023-08-12,Golaghat,Golaghat_Village_A,7.08,22.16,6.64,27.77,3.15,114.68,1.59,10,11,15,2
2024-05-17,Lakhimpur,Lakhimpur_Village_E,6.71,14.63,9.02,30.58,0.83,24.61,13.19,9,5,7,4
2023-11-07,Nagaon,Nagaon_Village_D,6.12,1.12,7.22,29.89,0.81,20.66,0.44,8,4,11,0
2023-01-24,Dhemaji,Dhemaji_Village_A,7.12,3.19,6.73,25.48,0.67,22.84,1.94,1,4,6,0
2023-04-18,Dhemaji,Dhemaji_Village_C,7.26,6.22,5.11,38.48,7.51,2.55,0.4,6,2,7,0
2023-09-08,Jorhat,Jorhat_Village_A,6.59,20.48,7.14,26.42,3.01,97.94,26.79,17,8,27,6
2024-07-06,Sivasagar,Sivasagar_Village_C,6.9,18.42,7.89,38.0,2.0,34.65,8.5,6,6,12,3
2023-05-08,Morigaon,Morigaon_Village_B,6.76,13.95,7.15,25.12,2.44,60.76,4.24,6,4,13,1
2024-05-23,Lakhimpur,Lakhimpur_Village_B,7.19,22.57,6.73,27.34,1.32,151.28,3.87,9,6,18,2
2023-07-26,Dhemaji,Dhemaji_Village_E,6.04,24.59,7.64,22.38,0.19,71.69,13.08,11,6,15,3
2023-09-11,Dibrugarh,Dibrugarh_Village_B,7.58,21.56,6.73,28.88,0.24,162.17,43.33,16,14,16,2
2023-08-22,Nagaon,Nagaon_Village_D,7.38,13.88,6.76,33.26,1.57,203.88,11.55,17,16,14,4
2024-05-09,Nagaon,Nagaon_Village_A,5.62,10.67,7.5,29.03,1.62,217.83,10.54,21,16,36,3
2023-06-11,Barpeta,Barpeta_Village_A,7.18,13.83,7.82,29.76,3.06,284.38,8.66,10,13,23,2
2023-06-19,Lakhimpur,Lakhimpur_Village_A,6.33,17.32,7.55,33.6,0.02,51.65,7.63,8,6,16,1
2024-09-05,Sonitpur,Sonitpur_Village_C,6.45,9.27,9.07,33.74,0.76,96.93,17.61,11,3,16,3
2023-06-02,Jorhat,Jorhat_Village_A,6.89,19.24,8.28,30.37,5.37,89.87,5.47,6,7,16,2
2023-07-18,Sonitpur,Sonitpur_Village_B,6.58,20.77,7.07,34.08,1.0,55.12,26.83,8,6,17,3
2023-11-29,Jorhat,Jorhat_Village_E,7.61,6.61,8.97,25.96,1.62,97.28,0.53,8,11,17,2
2023-01-28,Barpeta,Barpeta_Village_D,6.14,2.44,8.77,18.38,4.29,10.18,3.67,2,3,13,2
2023-04-20,Dhemaji,Dhemaji_Village_E,7.57,1.94,7.3,35.61,0.95,68.87,4.88,10,2,9,5
2024-08-26,Sivasagar,Sivasagar_Village_B,6.47,9.06,6.81,38.97,4.0,148.3,0.12,10,8,14,4
2024-07-09,Nagaon,Nagaon_Village_B,6.53,10.73,7.54,22.7,0.27,347.82,50.83,32,17,45,8
2023-10-04,Nagaon,Nagaon_Village_B,7.39,3.2,6.82,27.0,5.65,115.08,0.86,5,3,14,4
2024-10-21,Nagaon,Nagaon_Village_C,7.77,1.88,5.99,28.95,2.12,53.29,1.8,8,3,22,1
2023-01-06,Sonitpur,Sonitpur_Village_D,6.74,2.5,8.47,34.64,0.24,119.8,0.44,13,2,17,4
2023-11-28,Jorhat,Jorhat_Village_A,7.63,5.08,7.96,28.16,1.19,47.45,2.33,10,1,12,2
2023-10-06,Golaghat,Golaghat_Village_A,7.05,1.3,5.85,26.3,0.15,68.25,2.84,7,3,4,1
2024-04-07,Sivasagar,Sivasagar_Village_A,7.21,1.58,6.53,26.29,0.28,145.94,2.49,8,3,10,2
2024-07-23,Dhemaji,Dhemaji_Village_E,6.36,21.14,6.98,32.55,0.48,51.98,5.74,10,7,14,1
2023-04-05,Lakhimpur,Lakhimpur_Village_D,6.77,3.42,7.18,29.89,1.31,2.87,7.61,2,3,10,1
2024-03-07,Golaghat,Golaghat_Village_A,7.26,3.65,7.79,20.27,0.44,15.23,2.74,3,0,8,1
2023-10-14,Nagaon,Nagaon_Village_B,6.96,1.16,6.67,26.68,0.39,14.2,7.28,2,1,3,2
2024-02-11,Sivasagar,Sivasagar_Village_C,6.86,2.62,8.27,27.65,0.27,7.28,3.45,3,1,8,0
2023-08-09,Morigaon,Morigaon_Village_B,7.04,13.24,6.81,35.13,2.06,267.36,7.72,6,10,20,7
2024-12-04,Lakhimpur,Lakhimpur_Village_A,7.38,2.03,8.59,26.91,1.45,23.66,5.1,2,4,7,0
2024-10-11,Nagaon,Nagaon_Village_E,7.16,4.9,8.29,23.58,0.15,196.41,1.92,7,5,19,3
2023-02-02,Barpeta,Barpeta_Village_A,7.03,3.28,6.02,23.56,2.12,57.85,2.31,1,4,5,3
2024-01-26,Jorhat,Jorhat_Village_A,6.37,3.28,8.44,23.19,1.1,123.66,1.38,5,11,23,3
2023-07-08,Sonitpur,Sonitpur_Village_C,6.46,25.73,7.36,23.78,1.86,84.03,10.06,7,9,22,2
2023-10-05,Morigaon,Morigaon_Village_E,6.82,4.98,7.52,27.65,1.28,70.42,4.25,5,5,8,1
2024-12-23,Dibrugarh,Dibrugarh_Village_B,7.42,1.7,6.56,25.9,0.39,2.11,3.31,2,4,6,0
2024-01-29,Sonitpur,Sonitpur_Village_E,7.18,4.86,7.68,18.28,0.66,19.54,0.87,2,3,6,1
2023-11-24,Lakhimpur,Lakhimpur_Village_B,6.85,1.75,7.04,21.67,0.33,108.92,2.63,5,3,8,3
2023-12-20,Dibrugarh,Dibrugarh_Village_C,7.52,4.96,9.06,20.17,4.55,20.22,5.8,1,1,12,3
2024-02-24,Barpeta,Barpeta_Village_A,5.41,2.32,6.99,26.3,2.07,47.9,0.53,7,5,16,4
2023-05-03,Dhemaji,Dhemaji_Village_C,7.14,17.2,8.61,35.62,2.44,48.39,12.86,9,6,14,4
2024-05-14,Nagaon,Nagaon_Village_D,7.09,8.52,9.27,31.65,0.51,22.73,27.02,3,8,19,0
2024-08-22,Lakhimpur,Lakhimpur_Village_B,6.47,20.9,6.78,33.92,2.92,1.59,3.67,4,4,9,1
2023-07-21,Golaghat,Golaghat_Village_A,7.19,17.03,9.27,31.0,0.04,146.55,40.89,14,17,32,11
2023-12-05,Jorhat,Jorhat_Village_A,7.27,1.25,7.11,24.77,0.08,87.76,1.87,6,2,10,2
2023-07-20,Dhemaji,Dhemaji_Village_A,7.13,21.06,7.29,30.15,2.87,14.09,1.86,7,3,13,1
2024-06-24,Golaghat,Golaghat_Village_E,7.48,21.4,7.84,30.44,0.44,377.22,11.59,21,13,40,4
2024-01-06,Sivasagar,Sivasagar_Village_B,6.87,1.47,6.28,16.93,3.26,108.72,0.57,7,5,12,2
2024-07-25,Nagaon,Nagaon_Village_D,6.96,19.55,7.22,30.18,1.06,9.53,7.79,3,3,13,2
2024-10-17,Golaghat,Golaghat_Village_B,6.74,2.75,8.51,24.59,0.9,134.74,1.99,5,9,12,4
2024-12-03,Dhemaji,Dhemaji_Village_C,7.17,1.6,8.03,23.13,0.79,19.95,1.82,1,2,7,0
2024-05-24,Golaghat,Golaghat_Village_A,7.29,18.91,5.83,35.54,0.41,53.42,17.08,9,3,11,2
2023-09-27,Dibrugarh,Dibrugarh_Village_A,6.29,18.98,6.72,44.17,3.6,343.56,67.93,17,11,51,13
2023-01-31,Sonitpur,Sonitpur_Village_E,6.8,2.51,6.18,30.43,0.43,54.99,1.71,4,2,11,2
2023-02-12,Barpeta,Barpeta_Village_D,5.59,1.84,7.42,16.15,1.04,9.33,0.45,6,4,10,2
2024-12-18,Golaghat,Golaghat_Village_C,7.06,2.3,7.15,19.51,3.72,82.22,1.96,2,4,13,4
2023-08-14,Sivasagar,Sivasagar_Village_E,7.17,8.88,7.59,25.13,1.62,14.1,49.94,6,12,20,1
2023-03-21,Dibrugarh,Dibrugarh_Village_A,6.11,2.69,7.3,25.38,1.68,25.41,7.62,8,10,12,1
2023-07-07,Barpeta,Barpeta_Village_C,5.94,22.66,8.28,28.95,0.51,26.22,14.39,8,7,20,5
2023-05-30,Jorhat,Jorhat_Village_A,6.59,18.2,7.2,36.54,2.42,71.28,8.11,9,13,18,2
2024-08-05,Sonitpur,Sonitpur_Village_D,6.71,10.96,8.02,27.58,1.07,1.8,19.78,3,4,8,1
2023-12-18,Sonitpur,Sonitpur_Village_D,6.39,2.91,7.48,24.41,0.3,8.75,0.16,5,1,12,1
2023-07-21,Nagaon,Nagaon_Village_D,6.18,15.01,5.57,33.64,0.15,359.2,22.27,24,18,32,4
2024-11-28,Golaghat,Golaghat_Village_E,6.75,2.6,9.36,21.45,1.1,102.95,0.81,5,7,15,3
2024-04-29,Nagaon,Nagaon_Village_A,6.56,4.21,8.83,26.79,1.21,78.84,2.93,8,2,12,1
2024-08-21,Sonitpur,Sonitpur_Village_C,6.79,19.33,7.48,31.72,4.04,236.1,10.75,15,12,32,5
2023-09-22,Morigaon,Morigaon_Village_E,7.28,19.53,7.31,31.46,0.18,7.13,31.54,4,7,11,2
2024-03-17,Dhemaji,Dhemaji_Village_C,7.54,1.08,8.04,22.24,2.8,59.51,1.34,3,3,11,2
2024-09-21,Dibrugarh,Dibrugarh_Village_E,6.58,19.43,9.41,33.33,0.05,78.39,0.89,7,4,21,1
2024-01-17,Morigaon,Morigaon_Village_E,6.54,2.44,5.51,20.98,0.51,51.39,6.03,8,4,5,0
2023-10-09,Morigaon,Morigaon_Village_A,7.01,1.3,6.38,29.02,1.83,14.89,0.81,2,1,1,0
2024-07-15,Sivasagar,Sivasagar_Village_C,6.28,23.9,6.53,36.0,0.68,92.71,1.24,6,6,13,2
2023-06-07,Jorhat,Jorhat_Village_E,6.8,15.9,4.83,34.42,0.43,83.73,7.69,7,7,11,5
2023-07-31,Jorhat,Jorhat_Village_B,6.6,21.07,7.75,32.44,1.1,8.51,24.89,11,7,19,4
2024-10-25,Nagaon,Nagaon_Village_A,7.87,1.59,7.83,24.49,5.5,94.2,5.06,14,7,19,3
2024-04-09,Barpeta,Barpeta_Village_A,6.33,1.14,9.57,29.09,0.92,11.99,4.32,2,3,6,1
2023-02-07,Sonitpur,Sonitpur_Village_D,6.82,4.81,6.02,26.75,1.95,0.61,1.34,6,2,3,1
2023-08-26,Sonitpur,Sonitpur_Village_A,6.66,18.37,8.28,27.46,2.07,63.34,8.26,11,6,14,2
2023-09-15,Dibrugarh,Dibrugarh_Village_D,7.12,11.0,6.34,24.46,2.76,101.72,32.18,9,11,12,3
2023-12-15,Sonitpur,Sonitpur_Village_B,7.0,3.04,6.29,26.32,4.49,13.15,0.42,4,5,5,0
2023-11-04,Nagaon,Nagaon_Village_D,7.79,1.62,6.61,24.88,0.98,4.96,0.42,0,2,12,0
2023-03-08,Dibrugarh,Dibrugarh_Village_A,7.23,3.65,7.09,13.33,0.41,17.27,3.01,3,0,3,1
2024-09-13,Sonitpur,Sonitpur_Village_A,6.84,17.92,9.06,44.73,0.18,133.33,36.33,6,12,24,1
2023-03-06,Dhemaji,Dhemaji_Village_D,7.4,3.76,6.86,20.11,1.37,10.32,5.29,2,3,6,1
2024-03-29,Dhemaji,Dhemaji_Village_E,7.48,3.25,7.5,26.82,1.22,3.94,0.03,2,0,8,0
2023-09-13,Lakhimpur,Lakhimpur_Village_B,7.27,18.15,9.14,32.21,0.63,54.38,30.79,14,7,18,5
2023-07-30,Morigaon,Morigaon_Village_D,6.47,19.12,7.08,32.38,0.45,5.37,52.79,13,11,19,4
2023-09-23,Morigaon,Morigaon_Village_C,6.12,22.96,9.85,25.67,0.35,42.7,14.3,9,8,19,1
2023-10-11,Barpeta,Barpeta_Village_D,7.67,1.84,6.8,24.2,2.92,3.7,5.11,2,5,11,1
2023-07-05,Jorhat,Jorhat_Village_A,7.34,12.19,8.27,28.91,3.63,136.72,4.66,3,3,19,2
2023-03-20,Dibrugarh,Dibrugarh_Village_A,7.24,3.08,6.75,23.57,0.53,41.31,5.72,4,4,13,1
2023-09-25,Sivasagar,Sivasagar_Village_C,7.49,13.77,8.21,31.46,2.59,155.18,7.22,16,10,26,5
2024-02-15,Sonitpur,Sonitpur_Village_D,6.9,1.29,5.86,30.33,0.71,2.11,0.07,2,2,2,0
2024-04-05,Sonitpur,Sonitpur_Village_A,6.24,3.58,6.72,30.59,3.22,129.73,4.15,7,1,13,2
2024-10-30,Dhemaji,Dhemaji_Village_E,6.46,5.29,8.25,25.1,0.08,34.68,3.85,5,2,6,2
2024-05-14,Barpeta,Barpeta_Village_A,5.82,9.6,6.55,29.33,1.93,120.81,0.58,8,6,17,1
2024-04-21,Dhemaji,Dhemaji_Village_B,6.45,2.19,8.03,28.25,1.15,16.0,1.78,3,4,7,2
2024-08-28,Morigaon,Morigaon_Village_D,7.04,13.26,8.97,26.02,4.31,0.65,40.68,10,7,20,4
2024-06-26,Lakhimpur,Lakhimpur_Village_E,6.34,15.49,7.03,29.38,0.82,62.08,68.96,9,10,18,7
2023-10-22,Jorhat,Jorhat_Village_D,7.15,6.09,8.7,22.72,1.76,24.76,0.23,1,4,11,1
2023-08-22,Dibrugarh,Dibrugarh_Village_B,7.59,15.46,7.44,30.52,1.89,49.08,3.67,9,5,17,5
2023-12-31,Barpeta,Barpeta_Village_C,7.2,4.4,7.56,22.02,0.03,75.37,0.8,3,5,13,3
2024-01-01,Dibrugarh,Dibrugarh_Village_B,6.32,2.44,6.54,24.74,3.08,59.72,0.88,8,4,10,4
2023-10-04,Jorhat,Jorhat_Village_A,7.29,2.1,9.17,28.26,3.93,216.61,0.57,7,7,22,2
2024-01-26,Lakhimpur,Lakhimpur_Village_D,6.92,3.19,6.41,31.34,6.87,5.35,1.38,3,5,3,1
2023-01-02,Lakhimpur,Lakhimpur_Village_D,6.51,4.43,7.95,33.74,0.23,134.51,1.2,10,4,9,5
2024-08-20,Sonitpur,Sonitpur_Village_E,6.46,18.07,7.36,31.33,2.71,10.79,11.12,16,5,16,0
2024-07-06,Sonitpur,Sonitpur_Village_B,6.51,12.87,8.22,31.12,0.07,34.91,3.23,11,0,9,5
2024-07-18,Jorhat,Jorhat_Village_C,7.15,20.33,7.81,19.33,0.89,2.02,12.4,3,5,15,2
2023-02-15,Lakhimpur,Lakhimpur_Village_E,6.38,4.03,6.85,24.5,1.77,70.59,1.07,3,5,12,1
2023-03-09,Sivasagar,Sivasagar_Village_B,7.47,1.27,7.18,18.97,1.32,30.74,7.29,4,4,13,0
2023-07-29,Nagaon,Nagaon_Village_D,6.13,18.26,9.62,23.88,0.69,157.11,24.59,10,12,29,3
2023-03-30,Morigaon,Morigaon_Village_D,7.56,2.35,6.68,29.06,2.24,2.21,3.64,3,3,6,1
2024-01-25,Dibrugarh,Dibrugarh_Village_D,6.01,1.53,7.78,25.45,1.43,216.67,0.72,10,6,25,3
2024-09-17,Dhemaji,Dhemaji_Village_D,6.75,15.5,7.35,22.59,1.23,121.9,4.51,5,10,21,0
2023-11-23,Lakhimpur,Lakhimpur_Village_C,6.23,1.24,5.99,22.78,0.79,211.19,0.92,10,8,19,3
2023-04-16,Nagaon,Nagaon_Village_A,7.03,4.25,6.46,24.03,0.4,113.1,2.73,4,7,9,1
2024-12-01,Barpeta,Barpeta_Village_E,7.15,7.94,5.93,32.23,8.76,61.04,0.69,1,3,12,1
2023-10-07,Nagaon,Nagaon_Village_A,7.81,1.11,6.72,18.55,0.48,42.41,2.39,4,4,8,4
2024-10-23,Dibrugarh,Dibrugarh_Village_A,7.22,2.72,7.35,27.41,0.3,19.7,0.06,0,5,3,2
2023-02-03,Lakhimpur,Lakhimpur_Village_B,6.92,5.61,8.52,32.57,2.42,76.91,1.44,9,7,7,1
2023-06-01,Lakhimpur,Lakhimpur_Village_A,6.24,14.08,6.04,30.36,1.88,160.47,7.02,12,12,24,5
2024-08-18,Nagaon,Nagaon_Village_A,6.7,17.34,7.64,36.28,1.45,294.35,23.4,22,13,24,6
2024-09-04,Lakhimpur,Lakhimpur_Village_E,6.61,22.81,6.77,39.66,0.87,175.49,5.85,13,9,22,3
2023-04-03,Sivasagar,Sivasagar_Village_C,7.02,4.85,6.99,31.1,1.19,4.99,1.83,2,2,5,0
2024-10-09,Lakhimpur,Lakhimpur_Village_C,7.64,2.81,7.62,33.12,2.09,26.1,1.51,7,1,10,2
2024-03-07,Morigaon,Morigaon_Village_B,7.37,5.32,8.51,27.95,2.17,19.85,0.94,1,5,9,0
2024-06-14,Golaghat,Golaghat_Village_D,7.87,9.7,6.03,28.18,0.59,87.67,25.11,10,9,18,2
2023-01-21,Jorhat,Jorhat_Village_E,7.07,3.26,7.49,22.09,1.2,20.14,6.32,4,2,4,0
2024-09-01,Jorhat,Jorhat_Village_D,6.11,13.82,6.52,31.7,7.21,73.21,44.34,13,15,19,5
2023-03-11,Lakhimpur,Lakhimpur_Village_E,7.23,1.63,7.86,23.86,0.21,53.38,3.13,4,4,8,3
2024-02-27,Barpeta,Barpeta_Village_D,5.98,1.6,7.66,26.65,5.27,79.72,1.88,5,4,18,4
2023-05-20,Sivasagar,Sivasagar_Village_D,6.67,22.44,7.56,31.7,1.43,92.57,3.64,8,3,18,2
2023-07-09,Sivasagar,Sivasagar_Village_D,7.52,27.5,8.14,32.26,0.87,101.03,14.33,9,10,27,5
2024-04-10,Sivasagar,Sivasagar_Village_B,7.0,8.27,6.54,31.74,0.08,7.36,0.67,3,0,2,1
2024-11-13,Sivasagar,Sivasagar_Village_C,6.62,2.48,7.88,15.98,0.64,12.5,1.5,3,1,9,3
2023-08-20,Nagaon,Nagaon_Village_D,7.3,12.72,6.49,28.16,1.41,76.04,87.97,14,9,28,10
2023-06-04,Dibrugarh,Dibrugarh_Village_A,6.65,14.39,8.55,32.81,1.97,149.92,7.0,4,6,10,1
2023-01-16,Nagaon,Nagaon_Village_B,6.89,3.15,7.67,18.86,1.99,157.96,0.95,6,2,18,1
2023-02-13,Dhemaji,Dhemaji_Village_B,7.12,1.46,8.33,26.06,1.01,83.21,3.84,2,1,10,1
2023-08-02,Nagaon,Nagaon_Village_B,6.29,12.01,6.14,37.61,1.32,226.09,10.37,15,14,17,6
2024-07-13,Golaghat,Golaghat_Village_E,7.19,15.69,7.18,27.35,0.6,83.38,9.27,8,3,13,3
2023-04-17,Sonitpur,Sonitpur_Village_B,7.88,5.89,7.53,37.68,1.42,64.61,1.38,4,5,18,2
2024-10-17,Jorhat,Jorhat_Village_D,7.45,1.78,6.95,21.51,0.04,63.66,1.92,6,4,10,0
2023-08-09,Lakhimpur,Lakhimpur_Village_E,6.38,11.86,8.3,27.07,0.89,81.73,50.58,8,15,24,5
2023-03-04,Sivasagar,Sivasagar_Village_E,7.87,1.37,5.2,27.68,0.98,40.54,0.3,6,5,5,1
2023-03-31,Barpeta,Barpeta_Village_C,8.02,2.51,7.42,31.56,1.31,19.18,3.04,4,7,13,1
2024-03-07,Barpeta,Barpeta_Village_C,6.33,6.91,8.75,22.01,0.79,32.22,0.98,2,6,15,4
2023-09-29,Jorhat,Jorhat_Village_D,5.31,21.72,8.25,29.82,0.55,40.03,38.02,7,13,31,3
2023-01-05,Barpeta,Barpeta_Village_E,7.37,2.82,10.2,20.25,1.81,26.38,3.65,6,5,14,1
2023-10-25,Morigaon,Morigaon_Village_D,7.08,5.13,9.36,26.27,3.93,142.93,1.57,7,3,8,4
2023-05-23,Morigaon,Morigaon_Village_E,6.66,21.8,8.11,27.89,1.38,112.96,27.55,15,12,24,4
2024-12-14,Morigaon,Morigaon_Village_E,6.68,1.81,7.7,25.44,2.47,29.43,0.37,4,1,4,0
2024-01-08,Lakhimpur,Lakhimpur_Village_B,6.55,5.21,7.89,17.4,3.61,10.69,2.47,2,6,6,0
2024-08-14,Morigaon,Morigaon_Village_C,6.81,11.11,9.05,30.2,2.45,15.82,13.42,7,2,13,2
2024-03-31,Sonitpur,Sonitpur_Village_E,7.21,1.96,7.61,30.54,0.68,21.64,0.84,4,4,6,1
2024-11-24,Jorhat,Jorhat_Village_D,7.25,4.93,8.18,29.95,0.43,2.69,4.67,7,2,7,3
2024-03-05,Morigaon,Morigaon_Village_E,6.73,4.11,8.3,27.6,0.03,21.88,2.72,2,0,5,2
2023-08-02,Jorhat,Jorhat_Village_C,6.68,16.36,8.58,26.39,7.11,359.03,4.64,15,15,28,2
2024-08-03,Dhemaji,Dhemaji_Village_A,7.21,11.73,6.94,33.34,2.26,70.41,1.83,5,1,12,1
2024-10-23,Sivasagar,Sivasagar_Village_E,5.89,4.33,7.63,22.3,1.97,105.26,1.98,8,12,11,0
2023-11-14,Dibrugarh,Dibrugarh_Village_E,6.97,1.15,5.83,21.77,3.3,32.84,2.13,2,3,5,2
2024-03-04,Jorhat,Jorhat_Village_C,6.87,1.97,8.3,24.0,6.25,6.41,0.25,2,0,5,0
2024-06-30,Dhemaji,Dhemaji_Village_A,6.1,22.33,8.56,28.44,2.81,91.01,12.73,7,14,26,2
2024-09-16,Morigaon,Morigaon_Village_D,6.69,12.85,8.92,30.94,3.7,64.11,8.43,3,5,18,2
2023-08-18,Sivasagar,Sivasagar_Village_C,6.6,15.8,8.92,25.41,2.71,149.09,41.4,9,8,18,4
2023-04-04,Dhemaji,Dhemaji_Village_E,7.5,2.81,7.04,29.1,1.29,15.72,2.51,10,8,5,1
2023-01-10,Jorhat,Jorhat_Village_D,7.37,3.19,5.66,17.07,1.17,4.29,4.45,5,6,5,1
2024-10-07,Barpeta,Barpeta_Village_C,6.88,3.82,6.94,31.82,3.27,198.17,0.98,13,5,17,3
2024-03-13,Morigaon,Morigaon_Village_A,7.24,0.77,7.95,18.83,3.33,44.08,3.1,3,0,5,2
2023-10-24,Jorhat,Jorhat_Village_D,7.73,4.92,7.99,26.45,1.13,9.1,0.77,2,7,10,2
2023-10-01,Nagaon,Nagaon_Village_C,6.69,2.29,8.95,19.39,0.51,13.74,1.71,6,2,6,0
2023-06-07,Jorhat,Jorhat_Village_A,6.23,15.92,6.71,28.87,1.02,29.36,17.1,6,3,22,4
2024-07-15,Golaghat,Golaghat_Village_B,6.77,8.53,6.95,27.57,0.14,139.09,9.34,7,6,18,5
2023-12-05,Lakhimpur,Lakhimpur_Village_B,6.97,1.76,7.66,30.66,0.1,183.01,3.53,7,5,20,4
2023-11-23,Lakhimpur,Lakhimpur_Village_A,6.64,2.31,8.97,22.7,1.0,52.52,2.84,4,3,10,0
2023-02-14,Jorhat,Jorhat_Village_A,7.02,5.99,7.93,28.06,3.02,156.64,0.62,7,2,16,1
2024-11-07,Sivasagar,Sivasagar_Village_B,7.93,4.66,7.42,19.42,0.73,133.9,0.49,5,3,14,4
2024-02-10,Sonitpur,Sonitpur_Village_A,7.55,1.55,5.54,30.4,2.12,8.93,0.13,5,2,4,0
2023-06-09,Nagaon,Nagaon_Village_A,6.29,16.88,6.45,33.5,1.0,114.07,7.03,9,5,19,3
2023-04-08,Sivasagar,Sivasagar_Village_D,6.79,1.76,6.16,28.73,1.2,8.55,1.64,1,2,6,0
2024-09-26,Morigaon,Morigaon_Village_B,6.9,21.01,9.17,36.26,2.88,20.77,54.44,11,7,19,6
2023-11-01,Barpeta,Barpeta_Village_E,6.43,3.95,8.93,25.0,1.34,81.86,1.11,10,2,8,3
2024-03-18,Jorhat,Jorhat_Village_B,8.21,2.68,8.75,19.22,1.24,28.78,3.87,7,7,17,3
2024-08-27,Nagaon,Nagaon_Village_D,7.23,16.62,7.09,26.01,0.77,150.66,1.81,10,3,21,2
2023-08-27,Morigaon,Morigaon_Village_A,7.46,23.31,6.29,34.61,0.59,77.99,19.81,11,7,19,4
2024-12-07,Barpeta,Barpeta_Village_B,8.06,3.07,7.02,25.06,0.14,24.2,2.77,3,6,13,1
2024-11-09,Sonitpur,Sonitpur_Village_B,7.35,0.81,7.61,19.78,1.89,303.78,7.39,21,13,17,6
2023-12-31,Barpeta,Barpeta_Village_D,6.23,3.19,7.15,33.1,2.27,95.63,1.53,6,5,13,6
2024-02-29,Sonitpur,Sonitpur_Village_E,7.01,1.27,8.17,25.91,1.39,109.93,1.21,7,1,6,1
2024-11-17,Sonitpur,Sonitpur_Village_A,6.8,1.27,8.27,23.32,3.1,49.16,0.83,7,4,8,4
2024-10-09,Lakhimpur,Lakhimpur_Village_A,6.57,1.69,7.01,25.8,0.17,10.46,4.11,4,5,7,1
2024-08-07,Dibrugarh,Dibrugarh_Village_A,6.86,22.54,5.74,31.4,4.24,97.47,35.49,18,14,26,4
2024-08-30,Lakhimpur,Lakhimpur_Village_A,6.32,12.18,7.11,29.74,0.85,150.07,1.42,6,10,20,4
2023-12-09,Sonitpur,Sonitpur_Village_E,6.98,5.79,6.93,28.58,1.13,53.2,0.35,4,1,11,1
2023-08-29,Golaghat,Golaghat_Village_B,7.11,10.72,8.87,36.64,0.35,34.06,9.3,4,3,15,2
2024-07-02,Barpeta,Barpeta_Village_E,6.61,17.78,6.59,25.92,0.59,309.73,10.4,17,12,27,5
2023-07-19,Lakhimpur,Lakhimpur_Village_E,7.29,8.74,6.75,25.77,0.98,202.98,7.33,7,6,24,1
2024-12-06,Jorhat,Jorhat_Village_B,6.77,9.11,6.84,22.51,2.67,124.03,0.23,4,7,17,4
2023-10-27,Golaghat,Golaghat_Village_E,7.47,1.62,9.13,27.32,0.58,12.75,0.12,2,0,8,2
2024-12-14,Dhemaji,Dhemaji_Village_E,7.45,5.17,5.18,20.99,5.04,37.67,2.44,3,3,13,4
2024-01-08,Lakhimpur,Lakhimpur_Village_B,6.59,2.04,8.69,25.98,0.33,1.66,0.57,7,3,8,0
2024-02-21,Barpeta,Barpeta_Village_B,7.04,3.86,9.05,28.85,0.77,60.03,1.5,4,2,8,2
2023-09-10,Morigaon,Morigaon_Village_C,6.43,16.9,8.46,29.59,0.97,64.62,14.06,11,9,18,2
2023-10-12,Nagaon,Nagaon_Village_B,6.45,2.75,7.16,29.47,1.97,8.64,0.46,5,3,10,5
2024-04-21,Golaghat,Golaghat_Village_E,6.8,5.21,7.1,20.2,0.32,22.09,3.9,1,1,5,3
2024-12-26,Sonitpur,Sonitpur_Village_E,6.86,4.92,6.0,14.59,1.08,19.77,0.67,2,2,7,1
2023-05-25,Dibrugarh,Dibrugarh_Village_A,6.94,19.52,7.86,38.35,0.75,21.88,33.93,7,7,25,1
2023-11-29,Dhemaji,Dhemaji_Village_A,7.13,4.62,7.79,28.12,7.08,35.66,2.04,6,5,7,0
2024-05-17,Golaghat,Golaghat_Village_E,5.91,7.25,8.09,32.71,0.5,20.5,2.34,6,3,16,3
2023-10-31,Golaghat,Golaghat_Village_A,7.03,2.83,7.79,31.35,0.06,4.54,2.1,2,2,6,0
2024-08-11,Barpeta,Barpeta_Village_B,8.31,8.72,7.87,27.52,3.87,191.97,26.99,12,19,22,4
2023-05-04,Sivasagar,Sivasagar_Village_B,6.35,13.34,7.54,33.92,0.43,38.67,7.27,6,5,19,3
2024-08-21,Dhemaji,Dhemaji_Village_B,6.53,14.28,8.9,31.02,2.61,417.85,22.9,17,10,31,8
2024-01-02,Dibrugarh,Dibrugarh_Village_E,6.38,5.68,8.01,24.0,4.1,31.97,0.87,4,2,8,0
2024-11-14,Morigaon,Morigaon_Village_E,7.21,2.45,8.93,26.28,0.48,21.08,4.15,1,3,6,2
2024-10-11,Sonitpur,Sonitpur_Village_E,7.2,4.34,7.43,22.14,2.16,192.02,6.07,11,6,8,3
2023-09-29,Barpeta,Barpeta_Village_E,6.38,10.9,7.29,27.53,1.28,770.6,8.46,32,18,58,8
2023-11-06,Jorhat,Jorhat_Village_A,7.42,2.67,6.08,22.92,0.36,30.53,3.23,4,7,8,2
2024-01-30,Sonitpur,Sonitpur_Village_B,7.11,1.22,6.98,34.44,3.98,101.8,1.27,2,4,15,2
2024-10-10,Morigaon,Morigaon_Village_B,6.76,3.83,8.2,25.96,0.2,34.96,1.22,3,1,9,2
2023-03-19,Golaghat,Golaghat_Village_D,7.82,5.69,5.07,26.29,1.22,228.02,2.77,11,11,28,3
2023-11-07,Dhemaji,Dhemaji_Village_D,6.26,3.6,7.16,19.32,0.17,37.41,3.66,2,4,5,2
2023-11-14,Sonitpur,Sonitpur_Village_E,6.07,1.76,6.31,30.13,0.86,28.59,0.01,4,4,12,3
2023-11-14,Sonitpur,Sonitpur_Village_A,7.12,1.4,8.26,26.4,1.2,74.66,0.37,5,2,8,1
2023-08-09,Lakhimpur,Lakhimpur_Village_E,6.88,10.84,8.64,27.36,1.38,63.14,41.81,12,9,12,0
2023-04-19,Lakhimpur,Lakhimpur_Village_B,6.12,3.05,8.49,34.56,5.42,11.73,10.43,8,3,10,0
2024-09-30,Sonitpur,Sonitpur_Village_B,6.31,17.62,7.87,30.11,2.75,107.18,28.54,7,8,16,1
2024-08-08,Lakhimpur,Lakhimpur_Village_E,6.45,11.95,7.14,28.96,0.64,12.12,10.65,5,9,10,2
2024-09-05,Dibrugarh,Dibrugarh_Village_B,6.15,8.64,9.0,25.27,0.53,183.46,2.18,10,9,10,3
2024-09-29,Sonitpur,Sonitpur_Village_D,6.8,23.3,8.01,31.83,0.04,34.88,1.41,11,5,11,2
2023-09-26,Golaghat,Golaghat_Village_C,7.56,21.97,7.85,26.78,0.52,66.91,0.5,9,5,13,3
2023-10-02,Sivasagar,Sivasagar_Village_B,6.53,3.86,7.58,37.43,0.13,16.3,15.13,4,12,13,1
2023-03-19,Jorhat,Jorhat_Village_E,7.28,6.35,7.65,20.26,2.16,106.65,0.15,3,6,12,0
2024-04-21,Golaghat,Golaghat_Village_B,7.94,2.71,8.36,34.64,1.05,49.94,1.72,6,7,17,3
2023-10-18,Golaghat,Golaghat_Village_C,5.69,2.68,7.26,29.4,1.64,37.57,1.91,16,5,19,6
2024-03-04,Dhemaji,Dhemaji_Village_E,6.83,1.15,7.31,31.84,3.75,224.47,0.15,5,8,14,0
2024-03-30,Dhemaji,Dhemaji_Village_D,7.69,4.92,8.68,22.53,1.53,5.57,3.19,3,3,6,2
2024-06-18,Nagaon,Nagaon_Village_B,6.24,8.17,7.28,34.31,2.12,25.67,26.05,11,4,13,1
2024-08-23,Nagaon,Nagaon_Village_D,6.36,15.27,7.79,43.74,3.66,251.02,11.08,22,7,27,7
2024-04-11,Morigaon,Morigaon_Village_C,7.13,3.94,6.79,26.56,3.97,112.1,0.59,9,5,12,1
2024-05-01,Dhemaji,Dhemaji_Village_D,6.33,17.39,6.51,28.43,0.88,274.75,20.95,13,14,32,4
2023-02-18,Morigaon,Morigaon_Village_C,7.61,3.85,8.65,22.28,0.86,70.97,0.07,7,4,10,5
2024-12-08,Nagaon,Nagaon_Village_C,6.94,3.06,6.68,23.18,0.85,55.91,0.64,0,3,5,0
2024-08-08,Golaghat,Golaghat_Village_D,6.47,17.84,6.83,37.58,0.14,32.54,32.19,11,8,17,4
2023-04-14,Nagaon,Nagaon_Village_C,7.49,3.28,8.61,29.49,0.2,52.93,0.81,6,4,8,2
2023-04-08,Barpeta,Barpeta_Village_C,7.67,4.81,8.94,37.3,0.32,39.23,0.98,4,5,10,1
2023-11-18,Dhemaji,Dhemaji_Village_C,6.37,3.41,8.46,22.83,0.18,97.57,1.32,7,5,14,2
2023-12-05,Dhemaji,Dhemaji_Village_B,6.45,3.5,6.84,21.1,0.39,53.53,10.38,9,7,12,1
2023-03-16,Dhemaji,Dhemaji_Village_D,7.72,4.24,7.17,28.06,1.5,22.79,0.0,3,6,11,1
2024-05-30,Dhemaji,Dhemaji_Village_A,7.03,21.66,7.26,30.49,1.23,73.38,9.24,8,9,11,3
2023-04-27,Sonitpur,Sonitpur_Village_E,7.01,0.87,7.75,33.81,1.02,6.41,0.7,3,3,6,2
2023-07-07,Sivasagar,Sivasagar_Village_B,7.22,20.4,7.32,25.74,2.9,10.63,0.62,8,5,6,3
2024-03-27,Dibrugarh,Dibrugarh_Village_D,7.25,4.69,7.93,19.54,1.81,3.35,0.62,2,4,8,1
2024-10-14,Nagaon,Nagaon_Village_E,6.61,2.14,8.66,22.05,0.18,45.86,0.29,3,3,5,2
2023-04-16,Golaghat,Golaghat_Village_E,6.6,3.97,7.5,31.76,6.03,35.16,1.28,4,4,12,4
2023-12-14,Dibrugarh,Dibrugarh_Village_D,5.94,1.7,7.66,31.43,1.29,52.38,0.79,5,5,14,0
2023-02-12,Sonitpur,Sonitpur_Village_B,6.63,2.08,6.29,26.66,2.28,33.68,0.23,4,3,5,1
2023-11-18,Morigaon,Morigaon_Village_D,6.05,2.46,6.04,24.19,5.18,2.77,4.01,8,4,12,1
2023-10-30,Sonitpur,Sonitpur_Village_E,7.36,2.57,8.24,24.4,0.82,71.47,6.03,5,4,13,2
2023-11-08,Nagaon,Nagaon_Village_A,6.88,4.33,7.99,29.78,0.39,125.08,0.56,6,8,14,2
2023-01-06,Barpeta,Barpeta_Village_D,6.48,1.21,5.63,23.28,2.2,144.76,4.91,9,10,9,2
2023-10-16,Nagaon,Nagaon_Village_D,6.76,2.4,7.42,26.86,4.63,177.32,4.81,5,8,14,0
2024-12-18,Nagaon,Nagaon_Village_D,7.98,3.58,9.42,24.65,0.07,71.92,0.07,8,4,5,3
2024-02-05,Nagaon,Nagaon_Village_C,7.74,4.51,8.77,20.25,1.49,12.6,3.74,6,1,12,2
2023-04-15,Nagaon,Nagaon_Village_B,7.1,4.58,7.91,29.71,0.52,15.24,0.18,2,3,4,2
2023-03-14,Dhemaji,Dhemaji_Village_A,7.32,1.41,6.03,28.18,3.62,8.91,0.05,2,1,2,2
2024-05-28,Barpeta,Barpeta_Village_B,6.51,14.22,6.81,30.67,0.29,136.2,11.06,6,4,15,4
2024-03-09,Golaghat,Golaghat_Village_C,6.11,2.57,5.97,21.55,0.39,24.47,6.7,6,3,7,2
2023-12-17,Sivasagar,Sivasagar_Village_E,7.65,2.33,6.97,21.86,1.1,44.18,0.49,4,4,18,4
2024-08-07,Barpeta,Barpeta_Village_C,6.48,8.39,8.54,31.34,1.76,29.98,1.42,3,5,9,2
2024-11-02,Dhemaji,Dhemaji_Village_A,6.89,2.43,6.22,30.44,0.62,3.05,2.91,4,2,7,1
2024-10-12,Morigaon,Morigaon_Village_A,6.19,3.07,7.25,21.36,0.64,35.78,7.75,6,7,12,1
2024-05-20,Morigaon,Morigaon_Village_E,7.03,20.52,8.35,28.45,0.03,46.78,6.17,7,4,8,1
2024-11-06,Dhemaji,Dhemaji_Village_B,7.7,2.64,8.44,28.27,2.91,11.49,1.38,8,4,5,0
2024-03-10,Morigaon,Morigaon_Village_D,6.16,3.92,8.56,27.26,12.5,91.15,1.63,7,5,14,3
2024-07-06,Sivasagar,Sivasagar_Village_C,7.23,11.66,7.42,34.25,2.08,38.38,2.54,8,3,19,1
2023-03-18,Sivasagar,Sivasagar_Village_D,7.14,2.88,8.03,25.36,4.46,6.88,0.74,3,2,3,0
2024-04-13,Sonitpur,Sonitpur_Village_B,7.23,2.06,6.53,26.62,1.63,26.41,5.06,4,3,7,2
2023-04-25,Jorhat,Jorhat_Village_C,6.72,2.27,6.61,36.9,0.5,35.4,0.14,6,4,10,4
2023-03-14,Lakhimpur,Lakhimpur_Village_C,7.44,4.68,7.78,24.21,0.4,117.64,0.75,2,6,18,3
2023-12-09,Jorhat,Jorhat_Village_E,7.21,2.05,7.6,23.13,1.58,11.66,2.06,5,3,10,0
2024-06-20,Morigaon,Morigaon_Village_B,6.88,8.83,6.54,33.58,0.71,365.59,4.58,17,6,31,5
2023-04-27,Barpeta,Barpeta_Village_E,6.58,2.93,7.69,33.18,0.41,41.34,0.29,2,3,15,1
2023-10-04,Golaghat,Golaghat_Village_A,6.68,4.54,7.08,24.33,0.03,32.41,0.2,4,7,2,0
2023-05-22,Jorhat,Jorhat_Village_B,6.67,13.81,7.86,24.68,1.81,72.98,9.7,8,9,17,3
2024-01-16,Barpeta,Barpeta_Village_E,7.44,3.61,6.99,19.79,0.53,164.37,2.11,11,12,19,2
2023-10-24,Barpeta,Barpeta_Village_C,6.84,6.55,8.44,33.06,8.36,17.04,3.08,5,1,9,0
2023-05-10,Nagaon,Nagaon_Village_B,6.56,7.87,9.08,31.88,0.44,57.34,0.25,7,10,12,0
2024-02-11,Jorhat,Jorhat_Village_E,6.27,2.2,6.47,29.23,4.84,37.59,4.09,5,1,12,1
2024-02-25,Lakhimpur,Lakhimpur_Village_A,6.8,2.11,7.36,24.76,1.87,42.06,0.2,3,2,7,2
2024-02-23,Lakhimpur,Lakhimpur_Village_D,7.64,2.87,6.85,22.05,3.15,60.85,3.14,5,5,12,1
2023-10-07,Lakhimpur,Lakhimpur_Village_A,7.02,4.04,7.51,26.38,0.25,31.79,0.4,3,1,8,1
2024-08-19,Sonitpur,Sonitpur_Village_E,6.9,20.29,6.04,31.22,3.94,73.77,17.84,8,9,20,0
2023-07-25,Golaghat,Golaghat_Village_C,6.48,20.3,8.33,29.77,0.81,32.11,10.25,7,4,15,3
2024-02-25,Dhemaji,Dhemaji_Village_B,7.14,2.86,8.98,22.82,0.25,110.19,2.01,2,2,7,2
2023-09-25,Sonitpur,Sonitpur_Village_D,6.75,17.39,5.58,29.62,1.74,366.37,32.84,22,10,35,9
2023-12-22,Golaghat,Golaghat_Village_A,6.97,2.15,8.81,30.34,0.01,80.74,1.36,7,4,12,3
2023-09-14,Sivasagar,Sivasagar_Village_B,6.39,15.88,7.66,33.96,0.47,41.78,37.97,9,10,26,0
2024-05-12,Sonitpur,Sonitpur_Village_E,7.28,12.55,7.76,34.29,1.5,49.24,4.19,10,4,16,1
2023-07-04,Sonitpur,Sonitpur_Village_A,7.62,16.83,8.32,29.5,4.92,85.49,2.17,7,6,15,2
2024-04-24,Sonitpur,Sonitpur_Village_E,6.49,2.43,8.74,21.18,2.43,4.07,1.63,4,2,2,2
2024-09-20,Nagaon,Nagaon_Village_E,6.15,13.7,7.64,34.16,1.47,205.34,0.06,9,13,30,1
2024-12-15,Dibrugarh,Dibrugarh_Village_B,6.64,1.94,5.97,16.47,1.17,101.54,1.89,3,7,10,1
2024-11-25,Lakhimpur,Lakhimpur_Village_C,6.28,5.13,8.01,26.89,0.91,37.28,0.25,4,8,14,3
2023-11-19,Dhemaji,Dhemaji_Village_E,7.77,4.29,6.98,31.47,0.23,71.91,3.78,4,10,13,6
2023-01-26,Dibrugarh,Dibrugarh_Village_E,6.94,2.69,7.83,24.02,2.33,66.82,0.79,5,1,10,1
2023-11-27,Lakhimpur,Lakhimpur_Village_A,7.26,1.52,9.16,34.62,1.91,34.88,0.03,8,5,3,0
2023-03-26,Sivasagar,Sivasagar_Village_E,7.38,1.32,7.32,21.79,1.2,45.79,1.49,3,2,6,1
2024-11-06,Sonitpur,Sonitpur_Village_E,6.9,3.98,7.94,18.72,2.7,7.01,3.2,2,1,1,0
2024-08-04,Sonitpur,Sonitpur_Village_A,5.92,12.56,8.24,23.76,1.61,10.15,11.21,10,3,16,3
2024-05-18,Jorhat,Jorhat_Village_A,7.56,16.6,5.95,34.66,3.2,14.59,12.62,9,2,15,2
2023-05-13,Jorhat,Jorhat_Village_B,7.32,14.83,8.03,31.89,1.85,211.54,5.62,8,13,29,7
2024-06-11,Morigaon,Morigaon_Village_C,6.21,12.16,7.98,24.0,0.88,43.7,21.23,7,4,21,7
2024-12-11,Golaghat,Golaghat_Village_A,7.47,2.06,6.21,29.54,3.19,27.86,0.26,8,3,11,5
2023-02-03,Barpeta,Barpeta_Village_D,7.17,5.66,6.28,30.97,1.05,13.14,7.76,5,7,9,1
2023-08-06,Jorhat,Jorhat_Village_D,6.27,11.51,7.63,26.92,0.41,32.5,4.79,5,4,15,2
2023-09-18,Dibrugarh,Dibrugarh_Village_E,6.36,14.67,8.67,30.28,2.64,10.33,3.52,8,7,11,1
2023-12-13,Dhemaji,Dhemaji_Village_D,6.24,1.73,7.93,27.98,0.85,28.51,2.35,7,2,10,3
2024-12-26,Golaghat,Golaghat_Village_A,6.59,1.78,7.28,20.98,1.77,43.16,1.57,4,1,5,1
2023-06-22,Golaghat,Golaghat_Village_B,6.49,15.58,7.36,26.47,0.34,36.68,33.37,11,10,21,5
2023-03-03,Barpeta,Barpeta_Village_B,7.39,1.39,7.6,26.25,5.23,76.65,2.6,5,2,14,3
2023-11-13,Sonitpur,Sonitpur_Village_D,6.51,2.24,8.37,26.23,1.17,45.52,0.07,2,5,6,1
2024-02-29,Morigaon,Morigaon_Village_D,6.65,3.13,8.64,27.26,4.37,15.02,3.79,4,3,6,1
2024-11-06,Golaghat,Golaghat_Village_C,7.62,3.14,7.32,19.79,1.88,56.35,2.38,8,7,6,2
2024-06-27,Sonitpur,Sonitpur_Village_B,6.28,18.04,8.19,27.05,0.87,288.4,23.23,9,11,32,8
2023-06-08,Morigaon,Morigaon_Village_A,6.68,22.82,7.66,32.98,4.26,17.62,23.95,9,8,14,3
2023-10-12,Jorhat,Jorhat_Village_B,7.23,4.87,7.11,18.69,1.55,92.77,0.12,10,3,9,0
2024-05-07,Sonitpur,Sonitpur_Village_E,7.03,12.61,7.08,31.45,0.48,121.39,8.16,9,6,10,2
2023-08-06,Sivasagar,Sivasagar_Village_A,7.05,22.27,8.25,34.27,0.17,46.44,6.31,4,3,18,3
2023-03-13,Jorhat,Jorhat_Village_B,6.6,3.36,8.24,23.72,1.67,12.23,0.26,4,2,9,2
2023-08-08,Morigaon,Morigaon_Village_D,7.13,9.62,8.13,31.09,0.01,192.59,15.38,7,8,13,3
2024-02-11,Morigaon,Morigaon_Village_D,6.95,5.59,9.8,34.1,0.68,14.39,0.01,3,3,10,1
2024-04-05,Sivasagar,Sivasagar_Village_A,7.17,2.63,8.83,32.55,1.2,37.97,1.12,5,8,12,0
2024-08-19,Dibrugarh,Dibrugarh_Village_C,7.22,8.56,7.43,26.31,2.68,21.45,4.75,3,3,10,1
2023-01-08,Jorhat,Jorhat_Village_B,7.38,1.97,8.06,23.85,0.42,10.41,1.67,1,2,9,2
2023-02-12,Sivasagar,Sivasagar_Village_C,7.45,2.67,6.73,24.5,4.23,14.51,0.05,3,2,6,2
2024-10-16,Dhemaji,Dhemaji_Village_A,6.33,3.56,7.73,25.35,5.86,13.14,0.37,5,2,7,3
2024-07-09,Dhemaji,Dhemaji_Village_C,6.46,18.7,8.61,36.53,1.62,43.31,14.55,8,10,18,3
2023-12-14,Nagaon,Nagaon_Village_D,7.45,0.99,5.77,22.51,0.2,111.21,0.02,0,4,13,0
2023-12-29,Lakhimpur,Lakhimpur_Village_C,6.61,3.46,6.68,25.39,2.91,43.96,0.18,6,4,11,1
2024-06-23,Sonitpur,Sonitpur_Village_A,6.66,18.94,6.98,35.07,2.45,150.42,76.01,15,5,26,9
2023-11-14,Jorhat,Jorhat_Village_A,7.85,2.49,6.97,31.81,0.97,5.43,3.39,4,3,9,2
2023-09-04,Jorhat,Jorhat_Village_C,5.75,20.05,8.18,28.47,7.32,34.58,10.82,10,12,10,4
2024-08-13,Golaghat,Golaghat_Village_D,7.14,9.93,8.08,39.05,0.91,5.68,6.91,3,7,6,2
2024-03-19,Barpeta,Barpeta_Village_C,7.19,4.09,7.9,24.4,4.48,28.45,1.7,6,3,11,0
2024-09-23,Morigaon,Morigaon_Village_D,7.06,21.33,6.91,22.6,2.06,91.24,1.51,11,3,9,2
2024-08-20,Barpeta,Barpeta_Village_A,6.69,20.81,8.94,34.15,1.13,2.52,15.58,8,5,24,2
2023-12-19,Sonitpur,Sonitpur_Village_C,6.86,2.8,8.58,25.95,3.48,44.51,3.06,3,6,4,3
2024-10-31,Nagaon,Nagaon_Village_C,7.28,2.59,6.74,17.95,2.77,13.26,1.45,2,4,8,2
2024-09-09,Nagaon,Nagaon_Village_A,6.62,20.92,7.83,29.25,0.66,326.9,49.78,12,15,44,4
2024-11-29,Morigaon,Morigaon_Village_A,6.59,2.32,6.16,23.45,3.45,4.2,4.01,4,6,10,2
2024-01-21,Jorhat,Jorhat_Village_C,6.62,1.84,8.31,27.12,0.98,104.22,0.83,5,7,14,1
2023-06-12,Barpeta,Barpeta_Village_C,6.2,12.38,8.08,29.93,6.41,183.49,58.79,9,13,37,5
2024-10-13,Sivasagar,Sivasagar_Village_C,6.61,4.56,6.92,31.75,0.29,10.2,2.91,4,5,8,0
2024-07-21,Sonitpur,Sonitpur_Village_E,6.92,13.3,6.45,31.35,1.27,839.94,2.59,46,19,64,6
2023-12-18,Sonitpur,Sonitpur_Village_E,7.85,2.19,5.61,29.08,2.59,57.52,1.93,7,6,11,5
2024-02-28,Sonitpur,Sonitpur_Village_C,6.38,2.73,11.65,20.88,0.11,13.73,3.57,6,1,7,1
2023-07-07,Morigaon,Morigaon_Village_C,6.86,22.7,8.07,31.37,4.34,194.09,9.67,10,11,24,7
2024-10-12,Jorhat,Jorhat_Village_A,6.73,2.62,9.03,32.71,4.58,10.54,0.93,2,2,10,1
2024-10-01,Barpeta,Barpeta_Village_B,7.49,3.02,6.9,22.31,2.96,14.72,0.43,5,2,5,1
2024-03-26,Barpeta,Barpeta_Village_A,7.22,2.28,7.05,23.83,2.35,47.03,17.27,6,5,8,3
2023-07-14,Dibrugarh,Dibrugarh_Village_B,7.13,9.24,7.4,27.86,7.77,14.61,1.61,4,4,7,3
2024-11-08,Sonitpur,Sonitpur_Village_B,6.89,1.2,6.82,21.74,1.64,149.57,1.88,7,6,10,5
2023-06-28,Morigaon,Morigaon_Village_C,7.18,12.41,8.67,30.42,1.86,161.46,3.9,10,4,17,3
2023-01-27,Barpeta,Barpeta_Village_B,7.26,2.66,7.14,26.77,3.2,9.82,0.16,3,1,7,0
2023-05-29,Lakhimpur,Lakhimpur_Village_D,6.6,20.56,7.65,25.28,0.15,98.39,12.07,15,4,14,6
2024-02-17,Sonitpur,Sonitpur_Village_D,6.71,1.38,9.76,36.24,2.87,22.22,2.52,7,3,9,1
2024-10-12,Nagaon,Nagaon_Village_C,6.97,5.48,7.65,31.24,0.01,114.98,0.32,3,7,13,2
2024-10-31,Golaghat,Golaghat_Village_E,6.2,3.65,7.09,28.47,0.91,46.87,4.08,10,0,7,3
2023-12-21,Nagaon,Nagaon_Village_A,6.42,3.93,9.56,20.72,2.02,78.48,0.68,8,2,14,5
2023-02-25,Sonitpur,Sonitpur_Village_E,6.45,2.06,6.41,29.56,4.88,17.7,1.62,6,4,4,3
2023-06-06,Jorhat,Jorhat_Village_A,6.64,28.9,7.13,25.32,1.09,110.26,22.25,13,5,16,4
2024-06-02,Sivasagar,Sivasagar_Village_B,6.26,18.07,6.3,29.08,1.52,41.33,1.52,5,4,11,3
2023-04-25,Dhemaji,Dhemaji_Village_A,7.09,4.07,8.53,28.59,0.1,115.39,2.38,8,4,12,4
2024-05-25,Dhemaji,Dhemaji_Village_B,8.04,20.44,7.58,33.04,0.4,127.62,1.19,13,10,28,8
2023-09-16,Sivasagar,Sivasagar_Village_E,6.18,9.38,8.65,29.38,1.25,135.15,0.37,9,5,23,2
2024-01-16,Nagaon,Nagaon_Village_E,7.07,3.81,6.35,24.67,3.15,145.32,4.4,3,3,15,3
2023-05-29,Lakhimpur,Lakhimpur_Village_C,6.63,20.46,8.3,24.97,0.72,5.75,12.2,10,10,10,3
2023-02-28,Dibrugarh,Dibrugarh_Village_C,7.34,1.34,8.34,25.03,1.08,96.49,1.66,7,3,12,1
2023-05-08,Lakhimpur,Lakhimpur_Village_E,6.97,11.01,7.08,26.02,1.96,270.26,3.25,14,14,28,7
2024-08-13,Sivasagar,Sivasagar_Village_B,6.91,21.29,8.14,22.22,0.67,14.43,17.29,10,7,11,3
2024-01-02,Morigaon,Morigaon_Village_B,7.04,3.22,7.77,12.71,2.87,12.63,1.17,2,3,4,0
2023-05-15,Golaghat,Golaghat_Village_B,6.47,19.32,7.83,30.51,1.77,45.29,7.21,5,7,18,2
2024-03-08,Lakhimpur,Lakhimpur_Village_C,7.03,2.53,7.21,33.55,2.26,38.64,1.99,3,3,6,4
2024-06-05,Sivasagar,Sivasagar_Village_E,6.81,14.62,8.28,28.55,0.12,111.9,6.99,9,4,21,2
2024-01-04,Jorhat,Jorhat_Village_B,6.84,3.59,8.03,23.16,1.96,0.07,0.87,1,0,6,1
2024-02-19,Sonitpur,Sonitpur_Village_B,6.83,3.13,7.35,22.77,0.18,96.07,2.43,3,4,7,0
2024-08-08,Sivasagar,Sivasagar_Village_D,6.52,11.52,9.09,33.33,2.11,19.49,13.56,5,4,10,2
2024-06-28,Morigaon,Morigaon_Village_C,6.83,12.94,6.56,33.13,0.09,45.56,4.96,4,3,11,3
2023-06-11,Sivasagar,Sivasagar_Village_D,6.76,21.03,7.88,29.4,0.08,326.94,3.0,22,20,27,7
2024-05-05,Sivasagar,Sivasagar_Village_E,6.69,11.47,7.69,35.56,0.97,65.91,9.34,7,7,15,2
2023-04-30,Jorhat,Jorhat_Village_C,7.07,1.99,7.5,32.65,0.11,12.5,0.56,1,3,6,0
2024-04-29,Jorhat,Jorhat_Village_A,6.68,1.18,8.36,29.43,0.22,16.41,1.54,5,6,2,1
2023-05-04,Barpeta,Barpeta_Village_B,6.29,22.06,7.65,28.95,1.46,70.35,4.93,9,5,16,4
2023-01-25,Golaghat,Golaghat_Village_B,7.51,3.05,7.86,18.72,0.1,84.26,0.64,7,8,11,4
2023-09-17,Sonitpur,Sonitpur_Village_C,5.52,12.44,7.56,35.37,4.31,317.07,7.9,15,15,28,8
2023-06-02,Sonitpur,Sonitpur_Village_C,6.72,15.0,8.26,30.34,2.58,38.41,39.55,10,5,17,5
2023-09-03,Nagaon,Nagaon_Village_C,6.71,8.46,5.74,29.71,1.35,373.56,5.12,11,16,34,1
2023-09-22,Golaghat,Golaghat_Village_A,6.98,11.86,7.25,18.43,2.2,43.68,40.73,8,5,18,2
2024-08-12,Dibrugarh,Dibrugarh_Village_E,6.28,11.11,8.23,18.97,0.52,32.28,22.56,9,4,16,2
2024-03-27,Dhemaji,Dhemaji_Village_B,7.27,2.67,8.79,21.04,0.59,35.54,1.61,3,3,5,0
2023-11-24,Barpeta,Barpeta_Village_B,7.61,1.46,6.0,36.7,4.6,12.4,2.71,6,4,5,2
2023-09-14,Dibrugarh,Dibrugarh_Village_E,6.74,16.42,8.17,29.55,1.13,138.55,4.51,11,6,21,3
2023-05-15,Lakhimpur,Lakhimpur_Village_B,6.14,19.83,8.67,25.96,3.4,182.71,7.41,20,11,14,4
2024-02-23,Sonitpur,Sonitpur_Village_D,6.83,3.32,6.8,15.57,6.54,22.73,0.96,5,0,7,0
2024-09-12,Sivasagar,Sivasagar_Village_C,7.52,11.63,6.28,34.83,2.29,137.17,13.98,12,11,18,6
2023-10-19,Dibrugarh,Dibrugarh_Village_D,6.45,2.18,8.25,25.49,2.5,247.84,4.81,11,9,25,4
2023-05-21,Barpeta,Barpeta_Village_B,6.19,22.84,4.61,35.96,1.14,147.45,9.03,12,10,22,6
2024-07-28,Jorhat,Jorhat_Village_C,5.75,15.94,6.55,33.2,0.41,396.71,13.36,19,17,35,5
2024-08-29,Sonitpur,Sonitpur_Village_B,7.01,8.78,7.99,24.46,0.83,5.57,13.25,3,2,8,1
2023-04-29,Sonitpur,Sonitpur_Village_D,7.36,2.03,7.82,28.49,4.11,51.38,1.41,6,8,5,2
2023-10-10,Golaghat,Golaghat_Village_E,6.78,2.94,7.25,22.31,5.89,5.14,0.2,0,3,6,0
2024-10-23,Nagaon,Nagaon_Village_D,6.39,2.16,7.88,22.73,1.25,78.11,2.44,8,2,11,3
2023-03-11,Lakhimpur,Lakhimpur_Village_D,7.73,2.41,8.3,26.82,10.4,36.49,0.2,2,5,10,1
2024-07-15,Golaghat,Golaghat_Village_C,6.97,10.68,8.29,27.73,1.09,582.93,2.47,20,20,34,8
2024-07-19,Jorhat,Jorhat_Village_E,6.78,16.35,9.78,33.8,0.32,67.54,6.13,4,5,11,2
2023-09-30,Sonitpur,Sonitpur_Village_E,6.69,20.06,8.12,20.29,0.6,46.03,15.84,6,7,22,1
2024-02-14,Jorhat,Jorhat_Village_E,6.42,2.13,7.9,31.06,0.89,29.33,3.5,4,5,8,1
2023-03-18,Golaghat,Golaghat_Village_A,5.85,2.67,6.26,31.36,0.85,66.12,0.74,10,8,18,3
2024-10-23,Lakhimpur,Lakhimpur_Village_C,6.93,2.99,7.99,19.05,1.57,0.48,0.99,2,1,9,1
2024-01-29,Dibrugarh,Dibrugarh_Village_A,6.84,3.12,4.52,15.91,0.78,124.55,2.12,5,4,15,5
2024-07-18,Nagaon,Nagaon_Village_C,6.18,8.41,7.72,29.81,0.67,94.76,20.39,5,5,19,2
2024-02-24,Morigaon,Morigaon_Village_C,7.01,2.44,7.28,16.45,0.15,34.82,0.27,2,2,3,1
2023-05-08,Lakhimpur,Lakhimpur_Village_C,6.06,14.02,7.82,29.78,3.78,165.71,32.94,6,14,22,5
2023-06-29,Morigaon,Morigaon_Village_B,5.8,7.53,6.79,37.0,5.94,68.01,25.44,8,15,26,3
2023-09-09,Sivasagar,Sivasagar_Village_B,7.1,9.96,7.46,22.78,0.92,66.15,22.81,2,3,14,2
2023-05-13,Morigaon,Morigaon_Village_E,6.71,19.41,5.98,34.72,0.66,52.24,3.7,10,4,11,2
2024-03-31,Sivasagar,Sivasagar_Village_D,7.52,2.03,8.11,29.57,1.19,18.67,6.59,1,0,6,1
2023-11-17,Dhemaji,Dhemaji_Village_C,6.97,3.07,7.9,25.9,0.96,1.08,0.06,2,0,4,0
2024-06-18,Morigaon,Morigaon_Village_E,6.76,26.66,6.11,27.4,0.79,239.47,10.34,12,7,24,6
2023-05-15,Lakhimpur,Lakhimpur_Village_C,7.25,22.08,6.85,28.05,0.57,107.76,37.65,14,4,18,6
2024-09-05,Golaghat,Golaghat_Village_E,6.8,12.72,6.21,29.93,2.09,120.63,4.61,7,6,17,3
2023-04-28,Golaghat,Golaghat_Village_C,6.98,4.17,8.21,31.96,2.76,60.77,2.51,4,3,8,2
2024-12-03,Golaghat,Golaghat_Village_D,6.69,4.62,6.12,19.01,1.38,60.62,2.96,4,3,10,1
2024-05-13,Lakhimpur,Lakhimpur_Village_C,6.65,7.0,7.39,29.69,0.27,14.87,30.89,10,9,12,3
2023-09-23,Lakhimpur,Lakhimpur_Village_E,5.95,20.37,6.76,34.96,2.29,152.12,12.4,14,5,26,2
2023-06-23,Barpeta,Barpeta_Village_C,7.14,8.24,7.69,30.2,0.69,235.55,90.31,18,9,31,6
2023-08-25,Morigaon,Morigaon_Village_B,6.25,11.01,7.2,28.52,0.02,197.35,9.46,15,14,35,6
2023-11-09,Golaghat,Golaghat_Village_D,6.33,2.44,7.2,18.7,2.81,91.7,7.75,5,4,12,2
2023-01-11,Dhemaji,Dhemaji_Village_C,7.26,2.96,5.95,20.67,0.08,7.95,0.22,2,4,7,0
2023-12-16,Jorhat,Jorhat_Village_E,6.25,2.21,8.92,23.74,1.19,154.63,0.32,8,8,17,2
2023-08-12,Morigaon,Morigaon_Village_A,7.28,14.27,6.76,31.62,1.46,62.24,9.02,7,3,12,2
2023-10-04,Dibrugarh,Dibrugarh_Village_E,7.27,1.31,6.47,13.58,2.42,37.14,0.96,1,3,7,1
2024-03-11,Barpeta,Barpeta_Village_D,7.04,2.25,8.45,18.91,0.31,66.55,2.07,3,2,6,2
2024-06-18,Dhemaji,Dhemaji_Village_B,6.21,16.31,8.19,34.94,3.11,106.99,29.8,12,8,26,7
2024-06-14,Jorhat,Jorhat_Village_E,7.66,8.2,7.76,31.87,0.57,496.6,2.97,27,19,44,7
2023-04-11,Golaghat,Golaghat_Village_C,7.59,4.01,5.53,25.18,2.52,12.56,0.02,3,5,4,2
2023-02-07,Sivasagar,Sivasagar_Village_E,7.54,3.22,6.44,29.33,0.88,33.57,3.13,2,1,14,3
2023-12-12,Sivasagar,Sivasagar_Village_C,7.27,3.23,5.66,17.05,0.73,104.75,1.59,6,2,7,2
2024-08-17,Dhemaji,Dhemaji_Village_A,6.49,17.82,8.11,28.95,3.78,63.75,74.2,12,7,18,5
2023-01-14,Sivasagar,Sivasagar_Village_A,7.07,4.03,8.1,26.8,4.73,37.65,1.56,8,3,7,0
2024-04-09,Lakhimpur,Lakhimpur_Village_C,7.11,2.81,6.02,37.34,2.35,53.86,0.03,7,3,12,1
2024-01-30,Golaghat,Golaghat_Village_A,6.99,5.11,7.71,22.05,0.4,94.65,0.64,4,3,7,3
2023-02-27,Dibrugarh,Dibrugarh_Village_E,6.64,2.67,8.74,34.21,0.46,79.95,0.08,3,5,15,0
2024-09-22,Nagaon,Nagaon_Village_E,6.54,18.06,8.3,30.12,2.94,523.5,23.73,30,12,37,9
2024-11-01,Lakhimpur,Lakhimpur_Village_A,7.28,4.26,7.65,21.25,3.44,24.69,0.44,2,5,4,0
2024-06-01,Lakhimpur,Lakhimpur_Village_D,6.57,19.82,9.41,24.59,0.07,10.12,1.27,5,6,12,3
2023-05-22,Morigaon,Morigaon_Village_B,6.46,12.55,7.57,20.55,0.29,60.84,3.02,5,6,10,2
2024-10-26,Morigaon,Morigaon_Village_D,6.29,3.16,8.18,22.1,1.39,59.95,1.21,5,5,8,5
2023-12-09,Jorhat,Jorhat_Village_A,7.07,2.2,7.28,25.34,2.51,99.04,2.16,4,3,10,1
2024-06-23,Jorhat,Jorhat_Village_E,7.5,11.47,8.56,31.57,0.14,61.67,16.61,7,8,7,1
2023-09-02,Jorhat,Jorhat_Village_E,6.4,20.14,7.12,29.08,1.41,72.1,2.23,12,3,15,4
2023-12-18,Nagaon,Nagaon_Village_B,7.26,3.65,7.9,27.9,0.26,36.34,1.17,3,3,17,1
2024-02-26,Sonitpur,Sonitpur_Village_C,7.32,2.94,8.63,28.18,1.74,89.66,0.61,7,9,7,3
2024-10-27,Dibrugarh,Dibrugarh_Village_E,6.37,4.62,8.3,22.04,7.86,74.32,1.48,9,4,15,3
2024-03-20,Dibrugarh,Dibrugarh_Village_B,7.09,4.05,6.83,21.6,1.85,26.11,0.39,2,0,6,1
2023-12-31,Jorhat,Jorhat_Village_C,7.15,2.34,6.21,31.02,1.45,168.45,0.49,4,4,14,1
2024-01-05,Golaghat,Golaghat_Village_E,6.18,2.69,7.78,20.05,14.87,7.45,1.1,3,2,5,2
2024-05-04,Sivasagar,Sivasagar_Village_C,6.35,9.97,8.17,24.74,9.04,1.68,5.48,4,4,17,2
2023-10-05,Sonitpur,Sonitpur_Village_C,7.48,1.59,8.54,30.34,3.85,4.57,0.23,10,1,4,2
2024-09-12,Nagaon,Nagaon_Village_D,6.6,10.32,7.63,32.23,1.82,745.9,14.22,30,34,49,8
2024-06-04,Lakhimpur,Lakhimpur_Village_D,6.66,16.94,8.35,34.68,1.75,246.51,14.68,19,7,26,10
2023-07-10,Sivasagar,Sivasagar_Village_E,6.77,16.52,8.47,37.53,1.16,34.36,8.45,7,8,14,3
2023-05-28,Sonitpur,Sonitpur_Village_E,6.13,19.67,7.82,35.73,0.25,46.9,9.68,9,8,14,7
2023-11-25,Lakhimpur,Lakhimpur_Village_A,8.81,4.95,8.43,23.24,0.77,4.94,0.72,9,2,14,2
2024-12-17,Jorhat,Jorhat_Village_D,8.13,5.17,7.64,32.09,1.89,36.31,4.25,9,3,14,3
2023-02-28,Golaghat,Golaghat_Village_A,6.17,2.24,5.81,16.97,4.39,12.14,2.07,5,5,8,1
2023-01-28,Nagaon,Nagaon_Village_E,7.06,3.43,7.51,24.4,0.9,1.63,1.13,4,1,0,0
2023-03-17,Dibrugarh,Dibrugarh_Village_A,6.39,6.88,7.57,30.29,0.07,12.62,1.2,5,7,12,0
2023-11-03,Sonitpur,Sonitpur_Village_A,6.94,6.33,6.88,23.57,5.27,102.65,3.13,9,5,18,2
2024-01-17,Jorhat,Jorhat_Village_D,7.25,0.86,8.15,22.45,3.96,23.34,0.94,2,1,4,1
2023-01-03,Lakhimpur,Lakhimpur_Village_B,6.75,4.39,6.34,30.4,0.8,28.52,1.94,2,3,9,2
2024-06-04,Lakhimpur,Lakhimpur_Village_A,6.18,13.22,8.68,25.36,3.42,110.86,5.84,9,6,21,2
2023-03-11,Nagaon,Nagaon_Village_D,6.51,3.64,7.53,25.88,3.37,26.16,2.84,4,3,9,3
2023-10-05,Barpeta,Barpeta_Village_C,6.52,2.81,7.76,23.5,5.3,11.12,0.02,1,4,5,0
2023-06-06,Golaghat,Golaghat_Village_A,7.32,14.96,6.41,28.13,3.44,107.33,1.46,12,7,19,2
2023-06-20,Nagaon,Nagaon_Village_B,6.34,11.49,6.91,33.66,4.1,23.27,28.62,9,10,16,2
2023-10-30,Nagaon,Nagaon_Village_A,7.23,1.84,8.41,31.84,1.3,56.18,2.97,6,4,12,1
2024-05-14,Sonitpur,Sonitpur_Village_E,6.35,13.67,7.32,28.24,0.19,86.51,18.48,6,8,16,7
2023-02-11,Nagaon,Nagaon_Village_D,7.31,1.65,7.22,30.5,7.81,12.17,1.08,4,5,6,2
2023-02-09,Sivasagar,Sivasagar_Village_B,7.15,0.95,6.04,25.43,3.0,17.75,1.74,2,2,2,1
2024-08-13,Barpeta,Barpeta_Village_B,7.45,22.47,8.37,27.98,5.81,130.76,22.14,11,15,28,3
2024-09-14,Morigaon,Morigaon_Village_A,6.99,12.35,7.02,24.37,2.21,149.4,38.67,15,12,25,0
2024-08-07,Golaghat,Golaghat_Village_E,7.35,18.32,6.81,38.1,2.5,140.58,0.15,9,7,25,2
2024-07-21,Golaghat,Golaghat_Village_C,6.71,13.87,8.55,30.16,2.35,244.53,5.97,15,10,24,1
2024-03-18,Sivasagar,Sivasagar_Village_B,7.06,1.54,8.96,21.49,0.22,48.46,1.15,2,5,9,0
2023-07-27,Morigaon,Morigaon_Village_C,6.08,13.6,7.92,24.09,0.54,13.94,0.77,3,4,22,2
2024-05-13,Lakhimpur,Lakhimpur_Village_C,6.91,22.62,9.51,31.19,0.92,1.31,21.2,3,3,11,2
2024-04-20,Lakhimpur,Lakhimpur_Village_D,6.75,2.46,7.29,32.88,2.09,56.12,4.13,7,1,13,4
2024-02-03,Sonitpur,Sonitpur_Village_A,6.89,1.57,6.86,25.72,1.02,18.01,0.55,3,1,4,1
2023-01-26,Dibrugarh,Dibrugarh_Village_A,7.16,0.86,7.53,23.91,4.47,12.28,5.23,2,2,6,1
2023-01-28,Barpeta,Barpeta_Village_B,7.0,4.13,6.99,29.63,7.11,4.91,1.76,3,2,3,1
2023-02-05,Lakhimpur,Lakhimpur_Village_A,7.06,3.17,8.41,16.65,0.65,66.1,2.57,3,1,7,2
2023-10-23,Lakhimpur,Lakhimpur_Village_C,7.72,3.85,8.15,27.07,5.1,74.59,0.53,9,6,16,0
2024-09-15,Sivasagar,Sivasagar_Village_A,7.11,18.43,7.01,22.81,1.05,185.32,4.13,19,5,21,3
2024-12-15,Sivasagar,Sivasagar_Village_C,6.66,1.55,6.15,19.8,7.7,134.95,1.71,9,2,18,0
2024-08-31,Sonitpur,Sonitpur_Village_C,6.63,15.18,6.46,24.59,1.1,47.14,37.04,7,7,17,4
2024-12-01,Morigaon,Morigaon_Village_B,7.28,7.62,8.47,22.97,2.47,15.84,1.39,3,3,9,3
2024-07-19,Lakhimpur,Lakhimpur_Village_E,6.61,14.47,7.52,25.07,2.62,149.83,21.46,10,6,18,3
2023-04-14,Dibrugarh,Dibrugarh_Village_D,6.65,2.83,8.5,28.22,2.35,200.4,3.1,7,11,17,8
2023-03-07,Sonitpur,Sonitpur_Village_D,8.42,3.33,7.48,34.69,1.32,22.94,0.63,9,5,16,0
2024-05-31,Dibrugarh,Dibrugarh_Village_C,7.01,27.29,7.2,35.86,1.92,15.59,7.33,9,8,18,3
2024-12-12,Sivasagar,Sivasagar_Village_E,7.27,1.51,6.75,28.33,0.2,21.68,0.29,6,1,8,1
2024-07-15,Nagaon,Nagaon_Village_A,6.96,12.88,6.65,28.73,0.29,226.74,20.78,11,11,24,5
2023-01-10,Sivasagar,Sivasagar_Village_C,7.01,5.57,6.68,16.73,6.93,11.26,1.73,0,1,4,1
2023-05-22,Jorhat,Jorhat_Village_D,6.44,17.28,7.48,30.34,1.47,37.48,16.88,7,8,11,5
2024-07-01,Lakhimpur,Lakhimpur_Village_B,6.61,11.0,7.38,36.93,1.33,157.81,6.74,6,9,12,2
2024-07-27,Dibrugarh,Dibrugarh_Village_C,6.98,10.13,4.06,24.16,1.21,198.76,3.66,7,4,23,6
2023-07-02,Dhemaji,Dhemaji_Village_B,7.18,16.83,7.28,33.28,2.38,130.75,16.65,9,9,17,4
2024-09-06,Barpeta,Barpeta_Village_C,6.86,17.83,7.99,33.68,1.11,0.19,19.91,5,5,13,1
2024-04-01,Lakhimpur,Lakhimpur_Village_A,5.96,1.49,6.11,25.66,0.18,15.61,0.77,9,6,8,1
2024-01-17,Sivasagar,Sivasagar_Village_E,7.26,7.11,8.36,18.38,0.46,59.21,0.01,8,1,8,3
2023-06-17,Sonitpur,Sonitpur_Village_D,6.65,19.4,7.96,27.77,0.49,140.61,10.59,6,8,27,1
2023-08-31,Lakhimpur,Lakhimpur_Village_B,7.13,18.59,8.73,27.27,1.17,243.68,0.38,13,11,19,3
2024-05-15,Dibrugarh,Dibrugarh_Village_E,6.54,14.68,6.58,29.38,0.98,0.87,10.5,6,3,22,2
2024-04-08,Sonitpur,Sonitpur_Village_A,7.39,3.29,6.83,36.44,3.45,169.18,0.51,7,10,16,1
2024-04-25,Lakhimpur,Lakhimpur_Village_E,6.7,1.55,8.1,23.49,0.08,9.77,0.69,4,0,5,0
2023-12-09,Dhemaji,Dhemaji_Village_B,7.05,3.86,7.97,28.07,2.16,34.35,0.0,2,4,5,0
2024-12-13,Golaghat,Golaghat_Village_C,6.94,3.82,6.14,25.21,1.34,76.44,3.51,7,3,7,2
2024-04-14,Morigaon,Morigaon_Village_B,6.4,3.07,7.59,26.26,1.26,6.37,3.61,6,4,7,1
2023-01-25,Dibrugarh,Dibrugarh_Village_A,6.81,3.31,7.41,19.18,0.93,41.19,5.88,7,2,6,1
2024-05-21,Nagaon,Nagaon_Village_E,7.35,11.18,6.97,33.93,0.9,17.18,1.61,7,2,8,2
2023-04-23,Dibrugarh,Dibrugarh_Village_D,7.54,1.5,7.09,26.24,0.12,32.21,0.47,2,3,7,1
2024-01-23,Barpeta,Barpeta_Village_B,7.13,4.2,7.24,24.47,2.0,23.38,4.76,0,0,7,0
2023-02-23,Nagaon,Nagaon_Village_D,7.42,1.38,8.05,33.06,3.7,4.05,4.54,4,5,5,2
2024-08-18,Sonitpur,Sonitpur_Village_A,6.32,9.85,5.48,31.67,0.68,98.35,5.93,6,6,17,6
2023-12-02,Sonitpur,Sonitpur_Village_E,6.39,5.41,5.99,21.04,2.45,22.25,0.42,5,1,9,1
2024-10-12,Nagaon,Nagaon_Village_C,7.28,1.17,7.41,22.21,0.2,68.26,4.58,2,2,14,2
2024-09-24,Jorhat,Jorhat_Village_E,7.05,16.45,7.44,34.42,0.39,56.06,35.45,12,6,20,4
2023-07-06,Golaghat,Golaghat_Village_C,6.3,16.91,6.51,22.29,1.16,68.68,16.36,6,8,20,2
2023-09-05,Lakhimpur,Lakhimpur_Village_D,6.74,16.55,8.59,23.27,1.23,105.62,13.4,4,7,12,2
2024-06-17,Jorhat,Jorhat_Village_C,7.3,18.6,6.66,36.95,2.46,78.31,2.44,3,6,24,3
2024-06-12,Sonitpur,Sonitpur_Village_A,6.62,21.01,8.2,30.44,3.36,137.09,6.45,8,11,17,2
2024-09-01,Lakhimpur,Lakhimpur_Village_C,6.81,10.21,6.53,28.45,0.65,34.32,5.37,5,2,16,4
2024-01-11,Sivasagar,Sivasagar_Village_D,6.56,2.27,7.92,22.1,0.31,15.08,0.46,1,6,7,1
2024-06-02,Morigaon,Morigaon_Village_E,7.28,23.25,8.28,31.09,0.89,150.69,0.86,9,8,20,5
2023-03-02,Golaghat,Golaghat_Village_D,7.0,1.99,6.84,31.85,2.04,5.94,2.43,3,4,5,1
2023-08-07,Jorhat,Jorhat_Village_C,7.15,18.57,8.56,23.24,0.62,146.55,17.96,6,7,16,5
2023-08-17,Dhemaji,Dhemaji_Village_D,6.86,23.87,7.79,24.87,1.46,23.08,2.08,5,4,8,1
2023-09-01,Barpeta,Barpeta_Village_C,6.98,24.34,6.94,26.24,5.09,332.45,8.76,7,10,28,0
2023-10-08,Golaghat,Golaghat_Village_E,6.63,1.76,9.46,22.54,2.33,103.77,2.19,5,7,7,0
2024-01-28,Nagaon,Nagaon_Village_C,7.25,3.92,8.38,24.6,0.72,70.12,1.28,8,4,10,2
2024-08-23,Dibrugarh,Dibrugarh_Village_E,6.31,17.5,8.02,35.08,1.09,42.63,7.9,8,5,14,4
2023-10-01,Nagaon,Nagaon_Village_A,6.57,5.82,6.7,23.15,0.51,13.24,8.43,1,2,9,4
2024-10-23,Lakhimpur,Lakhimpur_Village_A,7.25,2.7,6.9,18.7,1.8,59.1,2.55,3,4,10,2
2024-05-26,Golaghat,Golaghat_Village_C,6.41,11.06,8.87,32.62,0.37,24.95,0.44,6,4,10,0
2023-08-22,Morigaon,Morigaon_Village_C,6.82,14.7,7.34,23.25,1.41,54.78,17.84,10,5,21,4
2023-11-11,Nagaon,Nagaon_Village_E,7.09,2.72,8.18,32.15,3.52,29.17,5.99,2,5,6,3
2024-09-05,Lakhimpur,Lakhimpur_Village_A,6.4,20.39,6.34,34.13,0.12,144.09,14.73,14,8,21,8
2024-05-04,Jorhat,Jorhat_Village_E,7.1,13.42,7.55,31.5,7.25,3.43,19.53,5,3,7,2
2023-12-27,Barpeta,Barpeta_Village_B,7.72,3.27,8.53,18.4,0.76,29.99,0.04,5,12,9,3
2023-01-19,Lakhimpur,Lakhimpur_Village_D,6.78,1.46,6.17,19.11,2.77,3.89,3.94,4,0,4,3
2023-12-18,Sivasagar,Sivasagar_Village_E,6.72,2.57,7.76,26.21,3.1,94.06,2.78,6,5,8,2
2024-03-02,Morigaon,Morigaon_Village_B,5.89,2.63,5.74,20.44,0.48,48.18,1.65,4,3,16,1
2023-02-16,Dhemaji,Dhemaji_Village_E,7.55,3.52,9.31,25.89,4.53,74.18,4.81,7,6,7,1
2023-12-13,Dibrugarh,Dibrugarh_Village_A,5.98,2.5,7.96,28.9,4.07,2.38,2.55,5,1,9,5
2024-06-22,Sonitpur,Sonitpur_Village_D,5.95,9.19,9.08,23.95,9.59,33.74,37.48,5,9,20,3
